
build/debug/UART_CLI.elf:     file format elf32-littlearm

Sections:
Idx Name          Size      VMA       LMA       File off  Algn
  0 .isr_vector   0000010c  08000000  08000000  00001000  2**0
                  CONTENTS, ALLOC, LOAD, READONLY, DATA
  1 .text         000012d8  0800010c  0800010c  0000110c  2**2
                  CONTENTS, ALLOC, LOAD, READONLY, CODE
  2 .rodata       0000002c  080013e4  080013e4  000023e4  2**2
                  CONTENTS, ALLOC, LOAD, READONLY, DATA
  3 .ARM.extab    00000000  08001410  08001410  0000300c  2**0
                  CONTENTS, READONLY
  4 .ARM          00000000  08001410  08001410  0000300c  2**0
                  CONTENTS, READONLY
  5 .preinit_array 00000000  08001410  08001410  0000300c  2**0
                  CONTENTS, ALLOC, LOAD, DATA
  6 .init_array   00000004  08001410  08001410  00002410  2**2
                  CONTENTS, ALLOC, LOAD, READONLY, DATA
  7 .fini_array   00000004  08001414  08001414  00002414  2**2
                  CONTENTS, ALLOC, LOAD, READONLY, DATA
  8 .data         0000000c  20000000  08001418  00003000  2**2
                  CONTENTS, ALLOC, LOAD, DATA
  9 .bss          00000068  2000000c  08001424  0000300c  2**2
                  ALLOC
 10 ._user_heap_stack 00000604  20000074  08001424  00003074  2**0
                  ALLOC
 11 .ARM.attributes 00000029  00000000  00000000  0000300c  2**0
                  CONTENTS, READONLY
 12 .comment      00000043  00000000  00000000  00003035  2**0
                  CONTENTS, READONLY
 13 .debug_info   0000847b  00000000  00000000  00003078  2**0
                  CONTENTS, READONLY, DEBUGGING, OCTETS
 14 .debug_abbrev 000017d7  00000000  00000000  0000b4f3  2**0
                  CONTENTS, READONLY, DEBUGGING, OCTETS
 15 .debug_aranges 00000668  00000000  00000000  0000ccd0  2**3
                  CONTENTS, READONLY, DEBUGGING, OCTETS
 16 .debug_rnglists 000004ca  00000000  00000000  0000d338  2**0
                  CONTENTS, READONLY, DEBUGGING, OCTETS
 17 .debug_line   00006ea6  00000000  00000000  0000d802  2**0
                  CONTENTS, READONLY, DEBUGGING, OCTETS
 18 .debug_str    00001ebf  00000000  00000000  000146a8  2**0
                  CONTENTS, READONLY, DEBUGGING, OCTETS
 19 .debug_frame  00000f38  00000000  00000000  00016568  2**2
                  CONTENTS, READONLY, DEBUGGING, OCTETS
 20 .debug_loclists 00004082  00000000  00000000  000174a0  2**0
                  CONTENTS, READONLY, DEBUGGING, OCTETS
 21 .debug_line_str 00000046  00000000  00000000  0001b522  2**0
                  CONTENTS, READONLY, DEBUGGING, OCTETS

Disassembly of section .text:

0800010c <__do_global_dtors_aux>:
 800010c:	b510      	push	{r4, lr}
 800010e:	4c05      	ldr	r4, [pc, #20]	@ (8000124 <__do_global_dtors_aux+0x18>)
 8000110:	7823      	ldrb	r3, [r4, #0]
 8000112:	b933      	cbnz	r3, 8000122 <__do_global_dtors_aux+0x16>
 8000114:	4b04      	ldr	r3, [pc, #16]	@ (8000128 <__do_global_dtors_aux+0x1c>)
 8000116:	b113      	cbz	r3, 800011e <__do_global_dtors_aux+0x12>
 8000118:	4804      	ldr	r0, [pc, #16]	@ (800012c <__do_global_dtors_aux+0x20>)
 800011a:	f3af 8000 	nop.w
 800011e:	2301      	movs	r3, #1
 8000120:	7023      	strb	r3, [r4, #0]
 8000122:	bd10      	pop	{r4, pc}
 8000124:	2000000c 	.word	0x2000000c
 8000128:	00000000 	.word	0x00000000
 800012c:	080013cc 	.word	0x080013cc

08000130 <frame_dummy>:
 8000130:	b508      	push	{r3, lr}
 8000132:	4b03      	ldr	r3, [pc, #12]	@ (8000140 <frame_dummy+0x10>)
 8000134:	b11b      	cbz	r3, 800013e <frame_dummy+0xe>
 8000136:	4903      	ldr	r1, [pc, #12]	@ (8000144 <frame_dummy+0x14>)
 8000138:	4803      	ldr	r0, [pc, #12]	@ (8000148 <frame_dummy+0x18>)
 800013a:	f3af 8000 	nop.w
 800013e:	bd08      	pop	{r3, pc}
 8000140:	00000000 	.word	0x00000000
 8000144:	20000010 	.word	0x20000010
 8000148:	080013cc 	.word	0x080013cc

0800014c <MX_GPIO_Init>:
        * Output
        * EVENT_OUT
        * EXTI
*/
void MX_GPIO_Init(void)
{
 800014c:	b082      	sub	sp, #8

  /* GPIO Ports Clock Enable */
  __HAL_RCC_GPIOD_CLK_ENABLE();
 800014e:	4b0a      	ldr	r3, [pc, #40]	@ (8000178 <MX_GPIO_Init+0x2c>)
 8000150:	699a      	ldr	r2, [r3, #24]
 8000152:	f042 0220 	orr.w	r2, r2, #32
 8000156:	619a      	str	r2, [r3, #24]
 8000158:	699a      	ldr	r2, [r3, #24]
 800015a:	f002 0220 	and.w	r2, r2, #32
 800015e:	9200      	str	r2, [sp, #0]
 8000160:	9a00      	ldr	r2, [sp, #0]
  __HAL_RCC_GPIOA_CLK_ENABLE();
 8000162:	699a      	ldr	r2, [r3, #24]
 8000164:	f042 0204 	orr.w	r2, r2, #4
 8000168:	619a      	str	r2, [r3, #24]
 800016a:	699b      	ldr	r3, [r3, #24]
 800016c:	f003 0304 	and.w	r3, r3, #4
 8000170:	9301      	str	r3, [sp, #4]
 8000172:	9b01      	ldr	r3, [sp, #4]

}
 8000174:	b002      	add	sp, #8
 8000176:	4770      	bx	lr
 8000178:	40021000 	.word	0x40021000

0800017c <Error_Handler>:
  \details Disables IRQ interrupts by setting the I-bit in the CPSR.
           Can only be executed in Privileged modes.
 */
__STATIC_FORCEINLINE void __disable_irq(void)
{
  __ASM volatile ("cpsid i" : : : "memory");
 800017c:	b672      	cpsid	i
void Error_Handler(void)
{
  /* USER CODE BEGIN Error_Handler_Debug */
  /* User can add his own implementation to report the HAL error return state */
  __disable_irq();
  while (1)
 800017e:	e7fe      	b.n	800017e <Error_Handler+0x2>

08000180 <SystemClock_Config>:
{
 8000180:	b500      	push	{lr}
 8000182:	b091      	sub	sp, #68	@ 0x44
  RCC_OscInitTypeDef RCC_OscInitStruct = {0};
 8000184:	2228      	movs	r2, #40	@ 0x28
 8000186:	2100      	movs	r1, #0
 8000188:	a806      	add	r0, sp, #24
 800018a:	f001 f8f2 	bl	8001372 <memset>
  RCC_ClkInitTypeDef RCC_ClkInitStruct = {0};
 800018e:	2300      	movs	r3, #0
 8000190:	9301      	str	r3, [sp, #4]
 8000192:	9302      	str	r3, [sp, #8]
 8000194:	9303      	str	r3, [sp, #12]
 8000196:	9304      	str	r3, [sp, #16]
 8000198:	9305      	str	r3, [sp, #20]
  RCC_OscInitStruct.OscillatorType = RCC_OSCILLATORTYPE_HSI;
 800019a:	2302      	movs	r3, #2
 800019c:	9306      	str	r3, [sp, #24]
  RCC_OscInitStruct.HSIState = RCC_HSI_ON;
 800019e:	2301      	movs	r3, #1
 80001a0:	930a      	str	r3, [sp, #40]	@ 0x28
  RCC_OscInitStruct.HSICalibrationValue = RCC_HSICALIBRATION_DEFAULT;
 80001a2:	2310      	movs	r3, #16
 80001a4:	930b      	str	r3, [sp, #44]	@ 0x2c
  if (HAL_RCC_OscConfig(&RCC_OscInitStruct) != HAL_OK)
 80001a6:	a806      	add	r0, sp, #24
 80001a8:	f000 fa96 	bl	80006d8 <HAL_RCC_OscConfig>
 80001ac:	b968      	cbnz	r0, 80001ca <SystemClock_Config+0x4a>
  RCC_ClkInitStruct.ClockType = RCC_CLOCKTYPE_HCLK|RCC_CLOCKTYPE_SYSCLK
 80001ae:	230f      	movs	r3, #15
 80001b0:	9301      	str	r3, [sp, #4]
  RCC_ClkInitStruct.SYSCLKSource = RCC_SYSCLKSOURCE_HSI;
 80001b2:	2100      	movs	r1, #0
 80001b4:	9102      	str	r1, [sp, #8]
  RCC_ClkInitStruct.AHBCLKDivider = RCC_SYSCLK_DIV1;
 80001b6:	9103      	str	r1, [sp, #12]
  RCC_ClkInitStruct.APB1CLKDivider = RCC_HCLK_DIV1;
 80001b8:	9104      	str	r1, [sp, #16]
  RCC_ClkInitStruct.APB2CLKDivider = RCC_HCLK_DIV1;
 80001ba:	9105      	str	r1, [sp, #20]
  if (HAL_RCC_ClockConfig(&RCC_ClkInitStruct, FLASH_LATENCY_0) != HAL_OK)
 80001bc:	a801      	add	r0, sp, #4
 80001be:	f000 fcbd 	bl	8000b3c <HAL_RCC_ClockConfig>
 80001c2:	b920      	cbnz	r0, 80001ce <SystemClock_Config+0x4e>
}
 80001c4:	b011      	add	sp, #68	@ 0x44
 80001c6:	f85d fb04 	ldr.w	pc, [sp], #4
    Error_Handler();
 80001ca:	f7ff ffd7 	bl	800017c <Error_Handler>
    Error_Handler();
 80001ce:	f7ff ffd5 	bl	800017c <Error_Handler>

080001d2 <main>:
{
 80001d2:	b508      	push	{r3, lr}
  HAL_Init();
 80001d4:	f000 f82e 	bl	8000234 <HAL_Init>
  SystemClock_Config();
 80001d8:	f7ff ffd2 	bl	8000180 <SystemClock_Config>
  MX_GPIO_Init();
 80001dc:	f7ff ffb6 	bl	800014c <MX_GPIO_Init>
  MX_USART2_UART_Init();
 80001e0:	f001 f844 	bl	800126c <MX_USART2_UART_Init>
  while (1)
 80001e4:	e7fe      	b.n	80001e4 <main+0x12>
	...

080001e8 <HAL_InitTick>:
  *       implementation  in user file.
  * @param TickPriority Tick interrupt priority.
  * @retval HAL status
  */
__weak HAL_StatusTypeDef HAL_InitTick(uint32_t TickPriority)
{
 80001e8:	b510      	push	{r4, lr}
 80001ea:	4604      	mov	r4, r0
  /* Configure the SysTick to have interrupt in 1ms time basis*/
  if (HAL_SYSTICK_Config(SystemCoreClock / (1000U / uwTickFreq)) > 0U)
 80001ec:	4b0e      	ldr	r3, [pc, #56]	@ (8000228 <HAL_InitTick+0x40>)
 80001ee:	781a      	ldrb	r2, [r3, #0]
 80001f0:	f44f 737a 	mov.w	r3, #1000	@ 0x3e8
 80001f4:	fbb3 f3f2 	udiv	r3, r3, r2
 80001f8:	4a0c      	ldr	r2, [pc, #48]	@ (800022c <HAL_InitTick+0x44>)
 80001fa:	6810      	ldr	r0, [r2, #0]
 80001fc:	fbb0 f0f3 	udiv	r0, r0, r3
 8000200:	f000 f8a0 	bl	8000344 <HAL_SYSTICK_Config>
 8000204:	b968      	cbnz	r0, 8000222 <HAL_InitTick+0x3a>
  {
    return HAL_ERROR;
  }

  /* Configure the SysTick IRQ priority */
  if (TickPriority < (1UL << __NVIC_PRIO_BITS))
 8000206:	2c0f      	cmp	r4, #15
 8000208:	d901      	bls.n	800020e <HAL_InitTick+0x26>
    HAL_NVIC_SetPriority(SysTick_IRQn, TickPriority, 0U);
    uwTickPrio = TickPriority;
  }
  else
  {
    return HAL_ERROR;
 800020a:	2001      	movs	r0, #1
 800020c:	e00a      	b.n	8000224 <HAL_InitTick+0x3c>
    HAL_NVIC_SetPriority(SysTick_IRQn, TickPriority, 0U);
 800020e:	2200      	movs	r2, #0
 8000210:	4621      	mov	r1, r4
 8000212:	f04f 30ff 	mov.w	r0, #4294967295
 8000216:	f000 f877 	bl	8000308 <HAL_NVIC_SetPriority>
    uwTickPrio = TickPriority;
 800021a:	4b05      	ldr	r3, [pc, #20]	@ (8000230 <HAL_InitTick+0x48>)
 800021c:	601c      	str	r4, [r3, #0]
  }

  /* Return function status */
  return HAL_OK;
 800021e:	2000      	movs	r0, #0
 8000220:	e000      	b.n	8000224 <HAL_InitTick+0x3c>
    return HAL_ERROR;
 8000222:	2001      	movs	r0, #1
}
 8000224:	bd10      	pop	{r4, pc}
 8000226:	bf00      	nop
 8000228:	20000000 	.word	0x20000000
 800022c:	20000008 	.word	0x20000008
 8000230:	20000004 	.word	0x20000004

08000234 <HAL_Init>:
{
 8000234:	b508      	push	{r3, lr}
  __HAL_FLASH_PREFETCH_BUFFER_ENABLE();
 8000236:	4a07      	ldr	r2, [pc, #28]	@ (8000254 <HAL_Init+0x20>)
 8000238:	6813      	ldr	r3, [r2, #0]
 800023a:	f043 0310 	orr.w	r3, r3, #16
 800023e:	6013      	str	r3, [r2, #0]
  HAL_NVIC_SetPriorityGrouping(NVIC_PRIORITYGROUP_4);
 8000240:	2003      	movs	r0, #3
 8000242:	f000 f84f 	bl	80002e4 <HAL_NVIC_SetPriorityGrouping>
  HAL_InitTick(TICK_INT_PRIORITY);
 8000246:	200f      	movs	r0, #15
 8000248:	f7ff ffce 	bl	80001e8 <HAL_InitTick>
  HAL_MspInit();
 800024c:	f000 fa0c 	bl	8000668 <HAL_MspInit>
}
 8000250:	2000      	movs	r0, #0
 8000252:	bd08      	pop	{r3, pc}
 8000254:	40022000 	.word	0x40022000

08000258 <HAL_IncTick>:
  *      implementations in user file.
  * @retval None
  */
__weak void HAL_IncTick(void)
{
  uwTick += uwTickFreq;
 8000258:	4a03      	ldr	r2, [pc, #12]	@ (8000268 <HAL_IncTick+0x10>)
 800025a:	6811      	ldr	r1, [r2, #0]
 800025c:	4b03      	ldr	r3, [pc, #12]	@ (800026c <HAL_IncTick+0x14>)
 800025e:	781b      	ldrb	r3, [r3, #0]
 8000260:	440b      	add	r3, r1
 8000262:	6013      	str	r3, [r2, #0]
}
 8000264:	4770      	bx	lr
 8000266:	bf00      	nop
 8000268:	20000028 	.word	0x20000028
 800026c:	20000000 	.word	0x20000000

08000270 <HAL_GetTick>:
  *       implementations in user file.
  * @retval tick value
  */
__weak uint32_t HAL_GetTick(void)
{
  return uwTick;
 8000270:	4b01      	ldr	r3, [pc, #4]	@ (8000278 <HAL_GetTick+0x8>)
 8000272:	6818      	ldr	r0, [r3, #0]
}
 8000274:	4770      	bx	lr
 8000276:	bf00      	nop
 8000278:	20000028 	.word	0x20000028

0800027c <__NVIC_SetPriority>:
  \param [in]  priority  Priority to set.
  \note    The priority cannot be set for every processor exception.
 */
__STATIC_INLINE void __NVIC_SetPriority(IRQn_Type IRQn, uint32_t priority)
{
  if ((int32_t)(IRQn) >= 0)
 800027c:	2800      	cmp	r0, #0
 800027e:	db08      	blt.n	8000292 <__NVIC_SetPriority+0x16>
  {
    NVIC->IP[((uint32_t)IRQn)]               = (uint8_t)((priority << (8U - __NVIC_PRIO_BITS)) & (uint32_t)0xFFUL);
 8000280:	0109      	lsls	r1, r1, #4
 8000282:	b2c9      	uxtb	r1, r1
 8000284:	f100 4060 	add.w	r0, r0, #3758096384	@ 0xe0000000
 8000288:	f500 4061 	add.w	r0, r0, #57600	@ 0xe100
 800028c:	f880 1300 	strb.w	r1, [r0, #768]	@ 0x300
 8000290:	4770      	bx	lr
  }
  else
  {
    SCB->SHP[(((uint32_t)IRQn) & 0xFUL)-4UL] = (uint8_t)((priority << (8U - __NVIC_PRIO_BITS)) & (uint32_t)0xFFUL);
 8000292:	f000 000f 	and.w	r0, r0, #15
 8000296:	0109      	lsls	r1, r1, #4
 8000298:	b2c9      	uxtb	r1, r1
 800029a:	4b01      	ldr	r3, [pc, #4]	@ (80002a0 <__NVIC_SetPriority+0x24>)
 800029c:	5419      	strb	r1, [r3, r0]
  }
}
 800029e:	4770      	bx	lr
 80002a0:	e000ed14 	.word	0xe000ed14

080002a4 <NVIC_EncodePriority>:
  \param [in]   PreemptPriority  Preemptive priority value (starting from 0).
  \param [in]       SubPriority  Subpriority value (starting from 0).
  \return                        Encoded priority. Value can be used in the function \ref NVIC_SetPriority().
 */
__STATIC_INLINE uint32_t NVIC_EncodePriority (uint32_t PriorityGroup, uint32_t PreemptPriority, uint32_t SubPriority)
{
 80002a4:	b500      	push	{lr}
  uint32_t PriorityGroupTmp = (PriorityGroup & (uint32_t)0x07UL);   /* only values 0..7 are used          */
 80002a6:	f000 0007 	and.w	r0, r0, #7
  uint32_t PreemptPriorityBits;
  uint32_t SubPriorityBits;

  PreemptPriorityBits = ((7UL - PriorityGroupTmp) > (uint32_t)(__NVIC_PRIO_BITS)) ? (uint32_t)(__NVIC_PRIO_BITS) : (uint32_t)(7UL - PriorityGroupTmp);
 80002aa:	f1c0 0c07 	rsb	ip, r0, #7
 80002ae:	f1bc 0f04 	cmp.w	ip, #4
 80002b2:	bf28      	it	cs
 80002b4:	f04f 0c04 	movcs.w	ip, #4
  SubPriorityBits     = ((PriorityGroupTmp + (uint32_t)(__NVIC_PRIO_BITS)) < (uint32_t)7UL) ? (uint32_t)0UL : (uint32_t)((PriorityGroupTmp - 7UL) + (uint32_t)(__NVIC_PRIO_BITS));
 80002b8:	1d03      	adds	r3, r0, #4
 80002ba:	2b06      	cmp	r3, #6
 80002bc:	d90f      	bls.n	80002de <NVIC_EncodePriority+0x3a>
 80002be:	1ec3      	subs	r3, r0, #3

  return (
           ((PreemptPriority & (uint32_t)((1UL << (PreemptPriorityBits)) - 1UL)) << SubPriorityBits) |
 80002c0:	f04f 3eff 	mov.w	lr, #4294967295
 80002c4:	fa0e f00c 	lsl.w	r0, lr, ip
 80002c8:	ea21 0100 	bic.w	r1, r1, r0
 80002cc:	4099      	lsls	r1, r3
           ((SubPriority     & (uint32_t)((1UL << (SubPriorityBits    )) - 1UL)))
 80002ce:	fa0e fe03 	lsl.w	lr, lr, r3
 80002d2:	ea22 020e 	bic.w	r2, r2, lr
         );
}
 80002d6:	ea41 0002 	orr.w	r0, r1, r2
 80002da:	f85d fb04 	ldr.w	pc, [sp], #4
  SubPriorityBits     = ((PriorityGroupTmp + (uint32_t)(__NVIC_PRIO_BITS)) < (uint32_t)7UL) ? (uint32_t)0UL : (uint32_t)((PriorityGroupTmp - 7UL) + (uint32_t)(__NVIC_PRIO_BITS));
 80002de:	2300      	movs	r3, #0
 80002e0:	e7ee      	b.n	80002c0 <NVIC_EncodePriority+0x1c>
	...

080002e4 <HAL_NVIC_SetPriorityGrouping>:
  reg_value  =  SCB->AIRCR;                                                   /* read old register configuration    */
 80002e4:	4a07      	ldr	r2, [pc, #28]	@ (8000304 <HAL_NVIC_SetPriorityGrouping+0x20>)
 80002e6:	68d3      	ldr	r3, [r2, #12]
  reg_value &= ~((uint32_t)(SCB_AIRCR_VECTKEY_Msk | SCB_AIRCR_PRIGROUP_Msk)); /* clear bits to change               */
 80002e8:	f423 63e0 	bic.w	r3, r3, #1792	@ 0x700
 80002ec:	041b      	lsls	r3, r3, #16
 80002ee:	0c1b      	lsrs	r3, r3, #16
                (PriorityGroupTmp << SCB_AIRCR_PRIGROUP_Pos) );               /* Insert write key and priority group */
 80002f0:	0200      	lsls	r0, r0, #8
 80002f2:	f400 60e0 	and.w	r0, r0, #1792	@ 0x700
                ((uint32_t)0x5FAUL << SCB_AIRCR_VECTKEY_Pos) |
 80002f6:	4303      	orrs	r3, r0
  reg_value  =  (reg_value                                   |
 80002f8:	f043 63bf 	orr.w	r3, r3, #100139008	@ 0x5f80000
 80002fc:	f443 3300 	orr.w	r3, r3, #131072	@ 0x20000
  SCB->AIRCR =  reg_value;
 8000300:	60d3      	str	r3, [r2, #12]
  /* Check the parameters */
  assert_param(IS_NVIC_PRIORITY_GROUP(PriorityGroup));
  
  /* Set the PRIGROUP[10:8] bits according to the PriorityGroup parameter value */
  NVIC_SetPriorityGrouping(PriorityGroup);
}
 8000302:	4770      	bx	lr
 8000304:	e000ed00 	.word	0xe000ed00

08000308 <HAL_NVIC_SetPriority>:
  *         This parameter can be a value between 0 and 15
  *         A lower priority value indicates a higher priority.          
  * @retval None
  */
void HAL_NVIC_SetPriority(IRQn_Type IRQn, uint32_t PreemptPriority, uint32_t SubPriority)
{ 
 8000308:	b510      	push	{r4, lr}
 800030a:	4604      	mov	r4, r0
  return ((uint32_t)((SCB->AIRCR & SCB_AIRCR_PRIGROUP_Msk) >> SCB_AIRCR_PRIGROUP_Pos));
 800030c:	4b05      	ldr	r3, [pc, #20]	@ (8000324 <HAL_NVIC_SetPriority+0x1c>)
 800030e:	68d8      	ldr	r0, [r3, #12]
  assert_param(IS_NVIC_SUB_PRIORITY(SubPriority));
  assert_param(IS_NVIC_PREEMPTION_PRIORITY(PreemptPriority));
  
  prioritygroup = NVIC_GetPriorityGrouping();
  
  NVIC_SetPriority(IRQn, NVIC_EncodePriority(prioritygroup, PreemptPriority, SubPriority));
 8000310:	f3c0 2002 	ubfx	r0, r0, #8, #3
 8000314:	f7ff ffc6 	bl	80002a4 <NVIC_EncodePriority>
 8000318:	4601      	mov	r1, r0
 800031a:	4620      	mov	r0, r4
 800031c:	f7ff ffae 	bl	800027c <__NVIC_SetPriority>
}
 8000320:	bd10      	pop	{r4, pc}
 8000322:	bf00      	nop
 8000324:	e000ed00 	.word	0xe000ed00

08000328 <HAL_NVIC_EnableIRQ>:
  if ((int32_t)(IRQn) >= 0)
 8000328:	2800      	cmp	r0, #0
 800032a:	db07      	blt.n	800033c <HAL_NVIC_EnableIRQ+0x14>
    NVIC->ISER[(((uint32_t)IRQn) >> 5UL)] = (uint32_t)(1UL << (((uint32_t)IRQn) & 0x1FUL));
 800032c:	f000 021f 	and.w	r2, r0, #31
 8000330:	0940      	lsrs	r0, r0, #5
 8000332:	2301      	movs	r3, #1
 8000334:	4093      	lsls	r3, r2
 8000336:	4a02      	ldr	r2, [pc, #8]	@ (8000340 <HAL_NVIC_EnableIRQ+0x18>)
 8000338:	f842 3020 	str.w	r3, [r2, r0, lsl #2]
  /* Check the parameters */
  assert_param(IS_NVIC_DEVICE_IRQ(IRQn));

  /* Enable interrupt */
  NVIC_EnableIRQ(IRQn);
}
 800033c:	4770      	bx	lr
 800033e:	bf00      	nop
 8000340:	e000e100 	.word	0xe000e100

08000344 <HAL_SYSTICK_Config>:
           function <b>SysTick_Config</b> is not included. In this case, the file <b><i>device</i>.h</b>
           must contain a vendor-specific implementation of this function.
 */
__STATIC_INLINE uint32_t SysTick_Config(uint32_t ticks)
{
  if ((ticks - 1UL) > SysTick_LOAD_RELOAD_Msk)
 8000344:	3801      	subs	r0, #1
 8000346:	f1b0 7f80 	cmp.w	r0, #16777216	@ 0x1000000
 800034a:	d20b      	bcs.n	8000364 <HAL_SYSTICK_Config+0x20>
  {
    return (1UL);                                                   /* Reload value impossible */
  }

  SysTick->LOAD  = (uint32_t)(ticks - 1UL);                         /* set reload register */
 800034c:	f04f 23e0 	mov.w	r3, #3758153728	@ 0xe000e000
 8000350:	6158      	str	r0, [r3, #20]
    SCB->SHP[(((uint32_t)IRQn) & 0xFUL)-4UL] = (uint8_t)((priority << (8U - __NVIC_PRIO_BITS)) & (uint32_t)0xFFUL);
 8000352:	4a05      	ldr	r2, [pc, #20]	@ (8000368 <HAL_SYSTICK_Config+0x24>)
 8000354:	21f0      	movs	r1, #240	@ 0xf0
 8000356:	f882 1023 	strb.w	r1, [r2, #35]	@ 0x23
  NVIC_SetPriority (SysTick_IRQn, (1UL << __NVIC_PRIO_BITS) - 1UL); /* set Priority for Systick Interrupt */
  SysTick->VAL   = 0UL;                                             /* Load the SysTick Counter Value */
 800035a:	2000      	movs	r0, #0
 800035c:	6198      	str	r0, [r3, #24]
  SysTick->CTRL  = SysTick_CTRL_CLKSOURCE_Msk |
 800035e:	2207      	movs	r2, #7
 8000360:	611a      	str	r2, [r3, #16]
                   SysTick_CTRL_TICKINT_Msk   |
                   SysTick_CTRL_ENABLE_Msk;                         /* Enable SysTick IRQ and SysTick Timer */
  return (0UL);                                                     /* Function successful */
 8000362:	4770      	bx	lr
    return (1UL);                                                   /* Reload value impossible */
 8000364:	2001      	movs	r0, #1
  *                  - 1  Function failed.
  */
uint32_t HAL_SYSTICK_Config(uint32_t TicksNumb)
{
   return SysTick_Config(TicksNumb);
}
 8000366:	4770      	bx	lr
 8000368:	e000ed00 	.word	0xe000ed00

0800036c <HAL_DMA_Abort>:
  * @param  hdma: pointer to a DMA_HandleTypeDef structure that contains
  *               the configuration information for the specified DMA Channel.
  * @retval HAL status
  */
HAL_StatusTypeDef HAL_DMA_Abort(DMA_HandleTypeDef *hdma)
{
 800036c:	4603      	mov	r3, r0
  HAL_StatusTypeDef status = HAL_OK;
  
  if(hdma->State != HAL_DMA_STATE_BUSY)
 800036e:	f890 2021 	ldrb.w	r2, [r0, #33]	@ 0x21
 8000372:	b2d2      	uxtb	r2, r2
 8000374:	2a02      	cmp	r2, #2
 8000376:	d006      	beq.n	8000386 <HAL_DMA_Abort+0x1a>
  {
    /* no transfer ongoing */
    hdma->ErrorCode = HAL_DMA_ERROR_NO_XFER;
 8000378:	2204      	movs	r2, #4
 800037a:	6382      	str	r2, [r0, #56]	@ 0x38
    
    /* Process Unlocked */
    __HAL_UNLOCK(hdma);
 800037c:	2200      	movs	r2, #0
 800037e:	f880 2020 	strb.w	r2, [r0, #32]
    
    return HAL_ERROR;
 8000382:	2001      	movs	r0, #1
 8000384:	4770      	bx	lr
  }
  else

  {
    /* Disable DMA IT */
    __HAL_DMA_DISABLE_IT(hdma, (DMA_IT_TC | DMA_IT_HT | DMA_IT_TE));
 8000386:	6801      	ldr	r1, [r0, #0]
 8000388:	680a      	ldr	r2, [r1, #0]
 800038a:	f022 020e 	bic.w	r2, r2, #14
 800038e:	600a      	str	r2, [r1, #0]
      
    /* Disable the channel */
    __HAL_DMA_DISABLE(hdma);
 8000390:	6801      	ldr	r1, [r0, #0]
 8000392:	680a      	ldr	r2, [r1, #0]
 8000394:	f022 0201 	bic.w	r2, r2, #1
 8000398:	600a      	str	r2, [r1, #0]
      
    /* Clear all flags */
    hdma->DmaBaseAddress->IFCR = (DMA_ISR_GIF1 << hdma->ChannelIndex);
 800039a:	6c02      	ldr	r2, [r0, #64]	@ 0x40
 800039c:	6bc0      	ldr	r0, [r0, #60]	@ 0x3c
 800039e:	2101      	movs	r1, #1
 80003a0:	fa01 f202 	lsl.w	r2, r1, r2
 80003a4:	6042      	str	r2, [r0, #4]
  }
  /* Change the DMA state */
  hdma->State = HAL_DMA_STATE_READY;
 80003a6:	f883 1021 	strb.w	r1, [r3, #33]	@ 0x21

  /* Process Unlocked */
  __HAL_UNLOCK(hdma);      
 80003aa:	2000      	movs	r0, #0
 80003ac:	f883 0020 	strb.w	r0, [r3, #32]
  
  return status; 
}
 80003b0:	4770      	bx	lr
	...

080003b4 <HAL_DMA_Abort_IT>:
  * @param  hdma  : pointer to a DMA_HandleTypeDef structure that contains
  *                 the configuration information for the specified DMA Channel.
  * @retval HAL status
  */
HAL_StatusTypeDef HAL_DMA_Abort_IT(DMA_HandleTypeDef *hdma)
{  
 80003b4:	b508      	push	{r3, lr}
  HAL_StatusTypeDef status = HAL_OK;
  
  if(HAL_DMA_STATE_BUSY != hdma->State)
 80003b6:	f890 3021 	ldrb.w	r3, [r0, #33]	@ 0x21
 80003ba:	b2db      	uxtb	r3, r3
 80003bc:	2b02      	cmp	r3, #2
 80003be:	d003      	beq.n	80003c8 <HAL_DMA_Abort_IT+0x14>
  {
    /* no transfer ongoing */
    hdma->ErrorCode = HAL_DMA_ERROR_NO_XFER;
 80003c0:	2304      	movs	r3, #4
 80003c2:	6383      	str	r3, [r0, #56]	@ 0x38
        
    status = HAL_ERROR;
 80003c4:	2001      	movs	r0, #1
    {
      hdma->XferAbortCallback(hdma);
    } 
  }
  return status;
}
 80003c6:	bd08      	pop	{r3, pc}
    __HAL_DMA_DISABLE_IT(hdma, (DMA_IT_TC | DMA_IT_HT | DMA_IT_TE));
 80003c8:	6802      	ldr	r2, [r0, #0]
 80003ca:	6813      	ldr	r3, [r2, #0]
 80003cc:	f023 030e 	bic.w	r3, r3, #14
 80003d0:	6013      	str	r3, [r2, #0]
    __HAL_DMA_DISABLE(hdma);
 80003d2:	6802      	ldr	r2, [r0, #0]
 80003d4:	6813      	ldr	r3, [r2, #0]
 80003d6:	f023 0301 	bic.w	r3, r3, #1
 80003da:	6013      	str	r3, [r2, #0]
    __HAL_DMA_CLEAR_FLAG(hdma, __HAL_DMA_GET_GI_FLAG_INDEX(hdma));
 80003dc:	6803      	ldr	r3, [r0, #0]
 80003de:	4a19      	ldr	r2, [pc, #100]	@ (8000444 <HAL_DMA_Abort_IT+0x90>)
 80003e0:	4293      	cmp	r3, r2
 80003e2:	d014      	beq.n	800040e <HAL_DMA_Abort_IT+0x5a>
 80003e4:	3214      	adds	r2, #20
 80003e6:	4293      	cmp	r3, r2
 80003e8:	d01f      	beq.n	800042a <HAL_DMA_Abort_IT+0x76>
 80003ea:	3214      	adds	r2, #20
 80003ec:	4293      	cmp	r3, r2
 80003ee:	d01e      	beq.n	800042e <HAL_DMA_Abort_IT+0x7a>
 80003f0:	3214      	adds	r2, #20
 80003f2:	4293      	cmp	r3, r2
 80003f4:	d01e      	beq.n	8000434 <HAL_DMA_Abort_IT+0x80>
 80003f6:	3214      	adds	r2, #20
 80003f8:	4293      	cmp	r3, r2
 80003fa:	d01e      	beq.n	800043a <HAL_DMA_Abort_IT+0x86>
 80003fc:	3214      	adds	r2, #20
 80003fe:	4293      	cmp	r3, r2
 8000400:	d002      	beq.n	8000408 <HAL_DMA_Abort_IT+0x54>
 8000402:	f04f 7280 	mov.w	r2, #16777216	@ 0x1000000
 8000406:	e003      	b.n	8000410 <HAL_DMA_Abort_IT+0x5c>
 8000408:	f44f 1280 	mov.w	r2, #1048576	@ 0x100000
 800040c:	e000      	b.n	8000410 <HAL_DMA_Abort_IT+0x5c>
 800040e:	2201      	movs	r2, #1
 8000410:	4b0d      	ldr	r3, [pc, #52]	@ (8000448 <HAL_DMA_Abort_IT+0x94>)
 8000412:	605a      	str	r2, [r3, #4]
    hdma->State = HAL_DMA_STATE_READY;
 8000414:	2301      	movs	r3, #1
 8000416:	f880 3021 	strb.w	r3, [r0, #33]	@ 0x21
    __HAL_UNLOCK(hdma);
 800041a:	2300      	movs	r3, #0
 800041c:	f880 3020 	strb.w	r3, [r0, #32]
    if(hdma->XferAbortCallback != NULL)
 8000420:	6b43      	ldr	r3, [r0, #52]	@ 0x34
 8000422:	b16b      	cbz	r3, 8000440 <HAL_DMA_Abort_IT+0x8c>
      hdma->XferAbortCallback(hdma);
 8000424:	4798      	blx	r3
  HAL_StatusTypeDef status = HAL_OK;
 8000426:	2000      	movs	r0, #0
 8000428:	e7cd      	b.n	80003c6 <HAL_DMA_Abort_IT+0x12>
    __HAL_DMA_CLEAR_FLAG(hdma, __HAL_DMA_GET_GI_FLAG_INDEX(hdma));
 800042a:	2210      	movs	r2, #16
 800042c:	e7f0      	b.n	8000410 <HAL_DMA_Abort_IT+0x5c>
 800042e:	f44f 7280 	mov.w	r2, #256	@ 0x100
 8000432:	e7ed      	b.n	8000410 <HAL_DMA_Abort_IT+0x5c>
 8000434:	f44f 5280 	mov.w	r2, #4096	@ 0x1000
 8000438:	e7ea      	b.n	8000410 <HAL_DMA_Abort_IT+0x5c>
 800043a:	f44f 3280 	mov.w	r2, #65536	@ 0x10000
 800043e:	e7e7      	b.n	8000410 <HAL_DMA_Abort_IT+0x5c>
  HAL_StatusTypeDef status = HAL_OK;
 8000440:	2000      	movs	r0, #0
 8000442:	e7c0      	b.n	80003c6 <HAL_DMA_Abort_IT+0x12>
 8000444:	40020008 	.word	0x40020008
 8000448:	40020000 	.word	0x40020000

0800044c <HAL_GPIO_Init>:
  * @param  GPIO_Init: pointer to a GPIO_InitTypeDef structure that contains
  *         the configuration information for the specified GPIO peripheral.
  * @retval None
  */
void HAL_GPIO_Init(GPIO_TypeDef  *GPIOx, GPIO_InitTypeDef *GPIO_Init)
{
 800044c:	b570      	push	{r4, r5, r6, lr}
 800044e:	b082      	sub	sp, #8
  uint32_t position = 0x00u;
  uint32_t ioposition;
  uint32_t iocurrent;
  uint32_t temp;
  uint32_t config = 0x00u;
 8000450:	2400      	movs	r4, #0
  uint32_t position = 0x00u;
 8000452:	46a4      	mov	ip, r4
  assert_param(IS_GPIO_ALL_INSTANCE(GPIOx));
  assert_param(IS_GPIO_PIN(GPIO_Init->Pin));
  assert_param(IS_GPIO_MODE(GPIO_Init->Mode));

  /* Configure the port pins */
  while (((GPIO_Init->Pin) >> position) != 0x00u)
 8000454:	e0a1      	b.n	800059a <HAL_GPIO_Init+0x14e>
    {
      /* Check the Alternate function parameters */
      assert_param(IS_GPIO_AF_INSTANCE(GPIOx));

      /* Based on the required mode, filling config variable with MODEy[1:0] and CNFy[3:2] corresponding bits */
      switch (GPIO_Init->Mode)
 8000456:	4d7e      	ldr	r5, [pc, #504]	@ (8000650 <HAL_GPIO_Init+0x204>)
 8000458:	42ab      	cmp	r3, r5
 800045a:	d014      	beq.n	8000486 <HAL_GPIO_Init+0x3a>
 800045c:	d80c      	bhi.n	8000478 <HAL_GPIO_Init+0x2c>
 800045e:	f5a5 1580 	sub.w	r5, r5, #1048576	@ 0x100000
 8000462:	42ab      	cmp	r3, r5
 8000464:	d00f      	beq.n	8000486 <HAL_GPIO_Init+0x3a>
 8000466:	f505 2570 	add.w	r5, r5, #983040	@ 0xf0000
 800046a:	42ab      	cmp	r3, r5
 800046c:	d00b      	beq.n	8000486 <HAL_GPIO_Init+0x3a>
 800046e:	f5a5 1580 	sub.w	r5, r5, #1048576	@ 0x100000
 8000472:	42ab      	cmp	r3, r5
 8000474:	d110      	bne.n	8000498 <HAL_GPIO_Init+0x4c>
 8000476:	e006      	b.n	8000486 <HAL_GPIO_Init+0x3a>
 8000478:	4d76      	ldr	r5, [pc, #472]	@ (8000654 <HAL_GPIO_Init+0x208>)
 800047a:	42ab      	cmp	r3, r5
 800047c:	d003      	beq.n	8000486 <HAL_GPIO_Init+0x3a>
 800047e:	f505 3580 	add.w	r5, r5, #65536	@ 0x10000
 8000482:	42ab      	cmp	r3, r5
 8000484:	d108      	bne.n	8000498 <HAL_GPIO_Init+0x4c>
        case GPIO_MODE_EVT_RISING:
        case GPIO_MODE_EVT_FALLING:
        case GPIO_MODE_EVT_RISING_FALLING:
          /* Check the GPIO pull parameter */
          assert_param(IS_GPIO_PULL(GPIO_Init->Pull));
          if (GPIO_Init->Pull == GPIO_NOPULL)
 8000486:	688b      	ldr	r3, [r1, #8]
 8000488:	2b00      	cmp	r3, #0
 800048a:	d050      	beq.n	800052e <HAL_GPIO_Init+0xe2>
          {
            config = GPIO_CR_MODE_INPUT + GPIO_CR_CNF_INPUT_FLOATING;
          }
          else if (GPIO_Init->Pull == GPIO_PULLUP)
 800048c:	2b01      	cmp	r3, #1
 800048e:	d049      	beq.n	8000524 <HAL_GPIO_Init+0xd8>
          else /* GPIO_PULLDOWN */
          {
            config = GPIO_CR_MODE_INPUT + GPIO_CR_CNF_INPUT_PU_PD;

            /* Reset the corresponding ODR bit */
            GPIOx->BRR = ioposition;
 8000490:	6142      	str	r2, [r0, #20]
            config = GPIO_CR_MODE_INPUT + GPIO_CR_CNF_INPUT_PU_PD;
 8000492:	2408      	movs	r4, #8
 8000494:	e000      	b.n	8000498 <HAL_GPIO_Init+0x4c>
          config = GPIO_Init->Speed + GPIO_CR_CNF_GP_OUTPUT_PP;
 8000496:	68cc      	ldr	r4, [r1, #12]
          break;
      }

      /* Check if the current bit belongs to first half or last half of the pin count number
       in order to address CRH or CRL register*/
      configregister = (iocurrent < GPIO_PIN_8) ? &GPIOx->CRL     : &GPIOx->CRH;
 8000498:	f1be 0fff 	cmp.w	lr, #255	@ 0xff
 800049c:	d849      	bhi.n	8000532 <HAL_GPIO_Init+0xe6>
 800049e:	4606      	mov	r6, r0
      registeroffset = (iocurrent < GPIO_PIN_8) ? (position << 2u) : ((position - 8u) << 2u);
 80004a0:	ea4f 028c 	mov.w	r2, ip, lsl #2

      /* Apply the new configuration of the pin to the register */
      MODIFY_REG((*configregister), ((GPIO_CRL_MODE0 | GPIO_CRL_CNF0) << registeroffset), (config << registeroffset));
 80004a4:	6833      	ldr	r3, [r6, #0]
 80004a6:	250f      	movs	r5, #15
 80004a8:	4095      	lsls	r5, r2
 80004aa:	ea23 0305 	bic.w	r3, r3, r5
 80004ae:	fa04 f202 	lsl.w	r2, r4, r2
 80004b2:	4313      	orrs	r3, r2
 80004b4:	6033      	str	r3, [r6, #0]

      /*--------------------- EXTI Mode Configuration ------------------------*/
      /* Configure the External Interrupt or event for the current IO */
      if ((GPIO_Init->Mode & EXTI_MODE) == EXTI_MODE)
 80004b6:	684b      	ldr	r3, [r1, #4]
 80004b8:	f013 5f80 	tst.w	r3, #268435456	@ 0x10000000
 80004bc:	d06b      	beq.n	8000596 <HAL_GPIO_Init+0x14a>
      {
        /* Enable AFIO Clock */
        __HAL_RCC_AFIO_CLK_ENABLE();
 80004be:	4b66      	ldr	r3, [pc, #408]	@ (8000658 <HAL_GPIO_Init+0x20c>)
 80004c0:	699a      	ldr	r2, [r3, #24]
 80004c2:	f042 0201 	orr.w	r2, r2, #1
 80004c6:	619a      	str	r2, [r3, #24]
 80004c8:	699b      	ldr	r3, [r3, #24]
 80004ca:	f003 0301 	and.w	r3, r3, #1
 80004ce:	9301      	str	r3, [sp, #4]
 80004d0:	9b01      	ldr	r3, [sp, #4]
        temp = AFIO->EXTICR[position >> 2u];
 80004d2:	ea4f 029c 	mov.w	r2, ip, lsr #2
 80004d6:	1c95      	adds	r5, r2, #2
 80004d8:	4b60      	ldr	r3, [pc, #384]	@ (800065c <HAL_GPIO_Init+0x210>)
 80004da:	f853 6025 	ldr.w	r6, [r3, r5, lsl #2]
        CLEAR_BIT(temp, (0x0Fu) << (4u * (position & 0x03u)));
 80004de:	f00c 0503 	and.w	r5, ip, #3
 80004e2:	00ad      	lsls	r5, r5, #2
 80004e4:	230f      	movs	r3, #15
 80004e6:	40ab      	lsls	r3, r5
 80004e8:	ea26 0603 	bic.w	r6, r6, r3
        SET_BIT(temp, (GPIO_GET_INDEX(GPIOx)) << (4u * (position & 0x03u)));
 80004ec:	4b5c      	ldr	r3, [pc, #368]	@ (8000660 <HAL_GPIO_Init+0x214>)
 80004ee:	4298      	cmp	r0, r3
 80004f0:	d026      	beq.n	8000540 <HAL_GPIO_Init+0xf4>
 80004f2:	f503 6380 	add.w	r3, r3, #1024	@ 0x400
 80004f6:	4298      	cmp	r0, r3
 80004f8:	f000 808c 	beq.w	8000614 <HAL_GPIO_Init+0x1c8>
 80004fc:	f503 6380 	add.w	r3, r3, #1024	@ 0x400
 8000500:	4298      	cmp	r0, r3
 8000502:	f000 8089 	beq.w	8000618 <HAL_GPIO_Init+0x1cc>
 8000506:	f503 6380 	add.w	r3, r3, #1024	@ 0x400
 800050a:	4298      	cmp	r0, r3
 800050c:	d016      	beq.n	800053c <HAL_GPIO_Init+0xf0>
 800050e:	2304      	movs	r3, #4
 8000510:	e017      	b.n	8000542 <HAL_GPIO_Init+0xf6>
          config = GPIO_Init->Speed + GPIO_CR_CNF_GP_OUTPUT_OD;
 8000512:	68cc      	ldr	r4, [r1, #12]
 8000514:	3404      	adds	r4, #4
          break;
 8000516:	e7bf      	b.n	8000498 <HAL_GPIO_Init+0x4c>
          config = GPIO_Init->Speed + GPIO_CR_CNF_AF_OUTPUT_PP;
 8000518:	68cc      	ldr	r4, [r1, #12]
 800051a:	3408      	adds	r4, #8
          break;
 800051c:	e7bc      	b.n	8000498 <HAL_GPIO_Init+0x4c>
          config = GPIO_Init->Speed + GPIO_CR_CNF_AF_OUTPUT_OD;
 800051e:	68cc      	ldr	r4, [r1, #12]
 8000520:	340c      	adds	r4, #12
          break;
 8000522:	e7b9      	b.n	8000498 <HAL_GPIO_Init+0x4c>
            GPIOx->BSRR = ioposition;
 8000524:	6102      	str	r2, [r0, #16]
            config = GPIO_CR_MODE_INPUT + GPIO_CR_CNF_INPUT_PU_PD;
 8000526:	2408      	movs	r4, #8
 8000528:	e7b6      	b.n	8000498 <HAL_GPIO_Init+0x4c>
          config = GPIO_CR_MODE_INPUT + GPIO_CR_CNF_ANALOG;
 800052a:	2400      	movs	r4, #0
 800052c:	e7b4      	b.n	8000498 <HAL_GPIO_Init+0x4c>
            config = GPIO_CR_MODE_INPUT + GPIO_CR_CNF_INPUT_FLOATING;
 800052e:	2404      	movs	r4, #4
 8000530:	e7b2      	b.n	8000498 <HAL_GPIO_Init+0x4c>
      configregister = (iocurrent < GPIO_PIN_8) ? &GPIOx->CRL     : &GPIOx->CRH;
 8000532:	1d06      	adds	r6, r0, #4
      registeroffset = (iocurrent < GPIO_PIN_8) ? (position << 2u) : ((position - 8u) << 2u);
 8000534:	f1ac 0208 	sub.w	r2, ip, #8
 8000538:	0092      	lsls	r2, r2, #2
 800053a:	e7b3      	b.n	80004a4 <HAL_GPIO_Init+0x58>
        SET_BIT(temp, (GPIO_GET_INDEX(GPIOx)) << (4u * (position & 0x03u)));
 800053c:	2303      	movs	r3, #3
 800053e:	e000      	b.n	8000542 <HAL_GPIO_Init+0xf6>
 8000540:	2300      	movs	r3, #0
 8000542:	40ab      	lsls	r3, r5
 8000544:	4333      	orrs	r3, r6
        AFIO->EXTICR[position >> 2u] = temp;
 8000546:	3202      	adds	r2, #2
 8000548:	4d44      	ldr	r5, [pc, #272]	@ (800065c <HAL_GPIO_Init+0x210>)
 800054a:	f845 3022 	str.w	r3, [r5, r2, lsl #2]


        /* Enable or disable the rising trigger */
        if ((GPIO_Init->Mode & RISING_EDGE) == RISING_EDGE)
 800054e:	684b      	ldr	r3, [r1, #4]
 8000550:	f413 1f80 	tst.w	r3, #1048576	@ 0x100000
 8000554:	d062      	beq.n	800061c <HAL_GPIO_Init+0x1d0>
        {
          SET_BIT(EXTI->RTSR, iocurrent);
 8000556:	4a43      	ldr	r2, [pc, #268]	@ (8000664 <HAL_GPIO_Init+0x218>)
 8000558:	6893      	ldr	r3, [r2, #8]
 800055a:	ea43 030e 	orr.w	r3, r3, lr
 800055e:	6093      	str	r3, [r2, #8]
        {
          CLEAR_BIT(EXTI->RTSR, iocurrent);
        }

        /* Enable or disable the falling trigger */
        if ((GPIO_Init->Mode & FALLING_EDGE) == FALLING_EDGE)
 8000560:	684b      	ldr	r3, [r1, #4]
 8000562:	f413 1f00 	tst.w	r3, #2097152	@ 0x200000
 8000566:	d05f      	beq.n	8000628 <HAL_GPIO_Init+0x1dc>
        {
          SET_BIT(EXTI->FTSR, iocurrent);
 8000568:	4a3e      	ldr	r2, [pc, #248]	@ (8000664 <HAL_GPIO_Init+0x218>)
 800056a:	68d3      	ldr	r3, [r2, #12]
 800056c:	ea43 030e 	orr.w	r3, r3, lr
 8000570:	60d3      	str	r3, [r2, #12]
        {
          CLEAR_BIT(EXTI->FTSR, iocurrent);
        }

        /* Configure the event mask */
        if ((GPIO_Init->Mode & GPIO_MODE_EVT) == GPIO_MODE_EVT)
 8000572:	684b      	ldr	r3, [r1, #4]
 8000574:	f413 3f00 	tst.w	r3, #131072	@ 0x20000
 8000578:	d05c      	beq.n	8000634 <HAL_GPIO_Init+0x1e8>
        {
          SET_BIT(EXTI->EMR, iocurrent);
 800057a:	4a3a      	ldr	r2, [pc, #232]	@ (8000664 <HAL_GPIO_Init+0x218>)
 800057c:	6853      	ldr	r3, [r2, #4]
 800057e:	ea43 030e 	orr.w	r3, r3, lr
 8000582:	6053      	str	r3, [r2, #4]
        {
          CLEAR_BIT(EXTI->EMR, iocurrent);
        }

        /* Configure the interrupt mask */
        if ((GPIO_Init->Mode & GPIO_MODE_IT) == GPIO_MODE_IT)
 8000584:	684b      	ldr	r3, [r1, #4]
 8000586:	f413 3f80 	tst.w	r3, #65536	@ 0x10000
 800058a:	d059      	beq.n	8000640 <HAL_GPIO_Init+0x1f4>
        {
          SET_BIT(EXTI->IMR, iocurrent);
 800058c:	4a35      	ldr	r2, [pc, #212]	@ (8000664 <HAL_GPIO_Init+0x218>)
 800058e:	6813      	ldr	r3, [r2, #0]
 8000590:	ea43 030e 	orr.w	r3, r3, lr
 8000594:	6013      	str	r3, [r2, #0]
          CLEAR_BIT(EXTI->IMR, iocurrent);
        }
      }
    }

	position++;
 8000596:	f10c 0c01 	add.w	ip, ip, #1
  while (((GPIO_Init->Pin) >> position) != 0x00u)
 800059a:	680b      	ldr	r3, [r1, #0]
 800059c:	fa33 f20c 	lsrs.w	r2, r3, ip
 80005a0:	d054      	beq.n	800064c <HAL_GPIO_Init+0x200>
    ioposition = (0x01uL << position);
 80005a2:	2201      	movs	r2, #1
 80005a4:	fa02 f20c 	lsl.w	r2, r2, ip
    iocurrent = (uint32_t)(GPIO_Init->Pin) & ioposition;
 80005a8:	ea03 0e02 	and.w	lr, r3, r2
    if (iocurrent == ioposition)
 80005ac:	ea32 0303 	bics.w	r3, r2, r3
 80005b0:	d1f1      	bne.n	8000596 <HAL_GPIO_Init+0x14a>
      switch (GPIO_Init->Mode)
 80005b2:	684b      	ldr	r3, [r1, #4]
 80005b4:	2b12      	cmp	r3, #18
 80005b6:	f63f af4e 	bhi.w	8000456 <HAL_GPIO_Init+0xa>
 80005ba:	2b12      	cmp	r3, #18
 80005bc:	f63f af6c 	bhi.w	8000498 <HAL_GPIO_Init+0x4c>
 80005c0:	a501      	add	r5, pc, #4	@ (adr r5, 80005c8 <HAL_GPIO_Init+0x17c>)
 80005c2:	f855 f023 	ldr.w	pc, [r5, r3, lsl #2]
 80005c6:	bf00      	nop
 80005c8:	08000487 	.word	0x08000487
 80005cc:	08000497 	.word	0x08000497
 80005d0:	08000519 	.word	0x08000519
 80005d4:	0800052b 	.word	0x0800052b
 80005d8:	08000499 	.word	0x08000499
 80005dc:	08000499 	.word	0x08000499
 80005e0:	08000499 	.word	0x08000499
 80005e4:	08000499 	.word	0x08000499
 80005e8:	08000499 	.word	0x08000499
 80005ec:	08000499 	.word	0x08000499
 80005f0:	08000499 	.word	0x08000499
 80005f4:	08000499 	.word	0x08000499
 80005f8:	08000499 	.word	0x08000499
 80005fc:	08000499 	.word	0x08000499
 8000600:	08000499 	.word	0x08000499
 8000604:	08000499 	.word	0x08000499
 8000608:	08000499 	.word	0x08000499
 800060c:	08000513 	.word	0x08000513
 8000610:	0800051f 	.word	0x0800051f
        SET_BIT(temp, (GPIO_GET_INDEX(GPIOx)) << (4u * (position & 0x03u)));
 8000614:	2301      	movs	r3, #1
 8000616:	e794      	b.n	8000542 <HAL_GPIO_Init+0xf6>
 8000618:	2302      	movs	r3, #2
 800061a:	e792      	b.n	8000542 <HAL_GPIO_Init+0xf6>
          CLEAR_BIT(EXTI->RTSR, iocurrent);
 800061c:	4a11      	ldr	r2, [pc, #68]	@ (8000664 <HAL_GPIO_Init+0x218>)
 800061e:	6893      	ldr	r3, [r2, #8]
 8000620:	ea23 030e 	bic.w	r3, r3, lr
 8000624:	6093      	str	r3, [r2, #8]
 8000626:	e79b      	b.n	8000560 <HAL_GPIO_Init+0x114>
          CLEAR_BIT(EXTI->FTSR, iocurrent);
 8000628:	4a0e      	ldr	r2, [pc, #56]	@ (8000664 <HAL_GPIO_Init+0x218>)
 800062a:	68d3      	ldr	r3, [r2, #12]
 800062c:	ea23 030e 	bic.w	r3, r3, lr
 8000630:	60d3      	str	r3, [r2, #12]
 8000632:	e79e      	b.n	8000572 <HAL_GPIO_Init+0x126>
          CLEAR_BIT(EXTI->EMR, iocurrent);
 8000634:	4a0b      	ldr	r2, [pc, #44]	@ (8000664 <HAL_GPIO_Init+0x218>)
 8000636:	6853      	ldr	r3, [r2, #4]
 8000638:	ea23 030e 	bic.w	r3, r3, lr
 800063c:	6053      	str	r3, [r2, #4]
 800063e:	e7a1      	b.n	8000584 <HAL_GPIO_Init+0x138>
          CLEAR_BIT(EXTI->IMR, iocurrent);
 8000640:	4a08      	ldr	r2, [pc, #32]	@ (8000664 <HAL_GPIO_Init+0x218>)
 8000642:	6813      	ldr	r3, [r2, #0]
 8000644:	ea23 030e 	bic.w	r3, r3, lr
 8000648:	6013      	str	r3, [r2, #0]
 800064a:	e7a4      	b.n	8000596 <HAL_GPIO_Init+0x14a>
  }
}
 800064c:	b002      	add	sp, #8
 800064e:	bd70      	pop	{r4, r5, r6, pc}
 8000650:	10220000 	.word	0x10220000
 8000654:	10310000 	.word	0x10310000
 8000658:	40021000 	.word	0x40021000
 800065c:	40010000 	.word	0x40010000
 8000660:	40010800 	.word	0x40010800
 8000664:	40010400 	.word	0x40010400

08000668 <HAL_MspInit>:
/* USER CODE END 0 */
/**
  * Initializes the Global MSP.
  */
void HAL_MspInit(void)
{
 8000668:	b082      	sub	sp, #8

  /* USER CODE BEGIN MspInit 0 */

  /* USER CODE END MspInit 0 */

  __HAL_RCC_AFIO_CLK_ENABLE();
 800066a:	4b0e      	ldr	r3, [pc, #56]	@ (80006a4 <HAL_MspInit+0x3c>)
 800066c:	699a      	ldr	r2, [r3, #24]
 800066e:	f042 0201 	orr.w	r2, r2, #1
 8000672:	619a      	str	r2, [r3, #24]
 8000674:	699a      	ldr	r2, [r3, #24]
 8000676:	f002 0201 	and.w	r2, r2, #1
 800067a:	9200      	str	r2, [sp, #0]
 800067c:	9a00      	ldr	r2, [sp, #0]
  __HAL_RCC_PWR_CLK_ENABLE();
 800067e:	69da      	ldr	r2, [r3, #28]
 8000680:	f042 5280 	orr.w	r2, r2, #268435456	@ 0x10000000
 8000684:	61da      	str	r2, [r3, #28]
 8000686:	69db      	ldr	r3, [r3, #28]
 8000688:	f003 5380 	and.w	r3, r3, #268435456	@ 0x10000000
 800068c:	9301      	str	r3, [sp, #4]
 800068e:	9b01      	ldr	r3, [sp, #4]

  /* System interrupt init*/

  /** NOJTAG: JTAG-DP Disabled and SW-DP Enabled
  */
  __HAL_AFIO_REMAP_SWJ_NOJTAG();
 8000690:	4a05      	ldr	r2, [pc, #20]	@ (80006a8 <HAL_MspInit+0x40>)
 8000692:	6853      	ldr	r3, [r2, #4]
 8000694:	f023 63e0 	bic.w	r3, r3, #117440512	@ 0x7000000
 8000698:	f043 7300 	orr.w	r3, r3, #33554432	@ 0x2000000
 800069c:	6053      	str	r3, [r2, #4]

  /* USER CODE BEGIN MspInit 1 */

  /* USER CODE END MspInit 1 */
}
 800069e:	b002      	add	sp, #8
 80006a0:	4770      	bx	lr
 80006a2:	bf00      	nop
 80006a4:	40021000 	.word	0x40021000
 80006a8:	40010000 	.word	0x40010000

080006ac <RCC_Delay>:
  * @brief  This function provides delay (in milliseconds) based on CPU cycles method.
  * @param  mdelay: specifies the delay time length, in milliseconds.
  * @retval None
  */
static void RCC_Delay(uint32_t mdelay)
{
 80006ac:	b082      	sub	sp, #8
  __IO uint32_t Delay = mdelay * (SystemCoreClock / 8U / 1000U);
 80006ae:	4b08      	ldr	r3, [pc, #32]	@ (80006d0 <RCC_Delay+0x24>)
 80006b0:	681b      	ldr	r3, [r3, #0]
 80006b2:	4a08      	ldr	r2, [pc, #32]	@ (80006d4 <RCC_Delay+0x28>)
 80006b4:	fba2 2303 	umull	r2, r3, r2, r3
 80006b8:	0a5b      	lsrs	r3, r3, #9
 80006ba:	fb00 f303 	mul.w	r3, r0, r3
 80006be:	9301      	str	r3, [sp, #4]
  do
  {
    __NOP();
 80006c0:	bf00      	nop
  }
  while (Delay --);
 80006c2:	9b01      	ldr	r3, [sp, #4]
 80006c4:	1e5a      	subs	r2, r3, #1
 80006c6:	9201      	str	r2, [sp, #4]
 80006c8:	2b00      	cmp	r3, #0
 80006ca:	d1f9      	bne.n	80006c0 <RCC_Delay+0x14>
}
 80006cc:	b002      	add	sp, #8
 80006ce:	4770      	bx	lr
 80006d0:	20000008 	.word	0x20000008
 80006d4:	10624dd3 	.word	0x10624dd3

080006d8 <HAL_RCC_OscConfig>:
  if (RCC_OscInitStruct == NULL)
 80006d8:	2800      	cmp	r0, #0
 80006da:	f000 81f1 	beq.w	8000ac0 <HAL_RCC_OscConfig+0x3e8>
{
 80006de:	b570      	push	{r4, r5, r6, lr}
 80006e0:	b082      	sub	sp, #8
 80006e2:	4604      	mov	r4, r0
  if (((RCC_OscInitStruct->OscillatorType) & RCC_OSCILLATORTYPE_HSE) == RCC_OSCILLATORTYPE_HSE)
 80006e4:	6803      	ldr	r3, [r0, #0]
 80006e6:	f013 0f01 	tst.w	r3, #1
 80006ea:	d02c      	beq.n	8000746 <HAL_RCC_OscConfig+0x6e>
    if ((__HAL_RCC_GET_SYSCLK_SOURCE() == RCC_SYSCLKSOURCE_STATUS_HSE)
 80006ec:	4b99      	ldr	r3, [pc, #612]	@ (8000954 <HAL_RCC_OscConfig+0x27c>)
 80006ee:	685b      	ldr	r3, [r3, #4]
 80006f0:	f003 030c 	and.w	r3, r3, #12
 80006f4:	2b04      	cmp	r3, #4
 80006f6:	d01d      	beq.n	8000734 <HAL_RCC_OscConfig+0x5c>
        || ((__HAL_RCC_GET_SYSCLK_SOURCE() == RCC_SYSCLKSOURCE_STATUS_PLLCLK) && (__HAL_RCC_GET_PLL_OSCSOURCE() == RCC_PLLSOURCE_HSE)))
 80006f8:	4b96      	ldr	r3, [pc, #600]	@ (8000954 <HAL_RCC_OscConfig+0x27c>)
 80006fa:	685b      	ldr	r3, [r3, #4]
 80006fc:	f003 030c 	and.w	r3, r3, #12
 8000700:	2b08      	cmp	r3, #8
 8000702:	d012      	beq.n	800072a <HAL_RCC_OscConfig+0x52>
      __HAL_RCC_HSE_CONFIG(RCC_OscInitStruct->HSEState);
 8000704:	6863      	ldr	r3, [r4, #4]
 8000706:	f5b3 3f80 	cmp.w	r3, #65536	@ 0x10000
 800070a:	d041      	beq.n	8000790 <HAL_RCC_OscConfig+0xb8>
 800070c:	2b00      	cmp	r3, #0
 800070e:	d155      	bne.n	80007bc <HAL_RCC_OscConfig+0xe4>
 8000710:	f103 4380 	add.w	r3, r3, #1073741824	@ 0x40000000
 8000714:	f503 3304 	add.w	r3, r3, #135168	@ 0x21000
 8000718:	681a      	ldr	r2, [r3, #0]
 800071a:	f422 3280 	bic.w	r2, r2, #65536	@ 0x10000
 800071e:	601a      	str	r2, [r3, #0]
 8000720:	681a      	ldr	r2, [r3, #0]
 8000722:	f422 2280 	bic.w	r2, r2, #262144	@ 0x40000
 8000726:	601a      	str	r2, [r3, #0]
 8000728:	e037      	b.n	800079a <HAL_RCC_OscConfig+0xc2>
        || ((__HAL_RCC_GET_SYSCLK_SOURCE() == RCC_SYSCLKSOURCE_STATUS_PLLCLK) && (__HAL_RCC_GET_PLL_OSCSOURCE() == RCC_PLLSOURCE_HSE)))
 800072a:	4b8a      	ldr	r3, [pc, #552]	@ (8000954 <HAL_RCC_OscConfig+0x27c>)
 800072c:	685b      	ldr	r3, [r3, #4]
 800072e:	f413 3f80 	tst.w	r3, #65536	@ 0x10000
 8000732:	d0e7      	beq.n	8000704 <HAL_RCC_OscConfig+0x2c>
      if ((__HAL_RCC_GET_FLAG(RCC_FLAG_HSERDY) != RESET) && (RCC_OscInitStruct->HSEState == RCC_HSE_OFF))
 8000734:	4b87      	ldr	r3, [pc, #540]	@ (8000954 <HAL_RCC_OscConfig+0x27c>)
 8000736:	681b      	ldr	r3, [r3, #0]
 8000738:	f413 3f00 	tst.w	r3, #131072	@ 0x20000
 800073c:	d003      	beq.n	8000746 <HAL_RCC_OscConfig+0x6e>
 800073e:	6863      	ldr	r3, [r4, #4]
 8000740:	2b00      	cmp	r3, #0
 8000742:	f000 81bf 	beq.w	8000ac4 <HAL_RCC_OscConfig+0x3ec>
  if (((RCC_OscInitStruct->OscillatorType) & RCC_OSCILLATORTYPE_HSI) == RCC_OSCILLATORTYPE_HSI)
 8000746:	6823      	ldr	r3, [r4, #0]
 8000748:	f013 0f02 	tst.w	r3, #2
 800074c:	d075      	beq.n	800083a <HAL_RCC_OscConfig+0x162>
    if ((__HAL_RCC_GET_SYSCLK_SOURCE() == RCC_SYSCLKSOURCE_STATUS_HSI)
 800074e:	4b81      	ldr	r3, [pc, #516]	@ (8000954 <HAL_RCC_OscConfig+0x27c>)
 8000750:	685b      	ldr	r3, [r3, #4]
 8000752:	f013 0f0c 	tst.w	r3, #12
 8000756:	d05f      	beq.n	8000818 <HAL_RCC_OscConfig+0x140>
        || ((__HAL_RCC_GET_SYSCLK_SOURCE() == RCC_SYSCLKSOURCE_STATUS_PLLCLK) && (__HAL_RCC_GET_PLL_OSCSOURCE() == RCC_PLLSOURCE_HSI_DIV2)))
 8000758:	4b7e      	ldr	r3, [pc, #504]	@ (8000954 <HAL_RCC_OscConfig+0x27c>)
 800075a:	685b      	ldr	r3, [r3, #4]
 800075c:	f003 030c 	and.w	r3, r3, #12
 8000760:	2b08      	cmp	r3, #8
 8000762:	d054      	beq.n	800080e <HAL_RCC_OscConfig+0x136>
      if (RCC_OscInitStruct->HSIState != RCC_HSI_OFF)
 8000764:	6923      	ldr	r3, [r4, #16]
 8000766:	2b00      	cmp	r3, #0
 8000768:	f000 808a 	beq.w	8000880 <HAL_RCC_OscConfig+0x1a8>
        __HAL_RCC_HSI_ENABLE();
 800076c:	4b7a      	ldr	r3, [pc, #488]	@ (8000958 <HAL_RCC_OscConfig+0x280>)
 800076e:	2201      	movs	r2, #1
 8000770:	601a      	str	r2, [r3, #0]
        tickstart = HAL_GetTick();
 8000772:	f7ff fd7d 	bl	8000270 <HAL_GetTick>
 8000776:	4605      	mov	r5, r0
        while (__HAL_RCC_GET_FLAG(RCC_FLAG_HSIRDY) == RESET)
 8000778:	4b76      	ldr	r3, [pc, #472]	@ (8000954 <HAL_RCC_OscConfig+0x27c>)
 800077a:	681b      	ldr	r3, [r3, #0]
 800077c:	f013 0f02 	tst.w	r3, #2
 8000780:	d175      	bne.n	800086e <HAL_RCC_OscConfig+0x196>
          if ((HAL_GetTick() - tickstart) > HSI_TIMEOUT_VALUE)
 8000782:	f7ff fd75 	bl	8000270 <HAL_GetTick>
 8000786:	1b40      	subs	r0, r0, r5
 8000788:	2802      	cmp	r0, #2
 800078a:	d9f5      	bls.n	8000778 <HAL_RCC_OscConfig+0xa0>
            return HAL_TIMEOUT;
 800078c:	2003      	movs	r0, #3
 800078e:	e19e      	b.n	8000ace <HAL_RCC_OscConfig+0x3f6>
      __HAL_RCC_HSE_CONFIG(RCC_OscInitStruct->HSEState);
 8000790:	4a70      	ldr	r2, [pc, #448]	@ (8000954 <HAL_RCC_OscConfig+0x27c>)
 8000792:	6813      	ldr	r3, [r2, #0]
 8000794:	f443 3380 	orr.w	r3, r3, #65536	@ 0x10000
 8000798:	6013      	str	r3, [r2, #0]
      if (RCC_OscInitStruct->HSEState != RCC_HSE_OFF)
 800079a:	6863      	ldr	r3, [r4, #4]
 800079c:	b343      	cbz	r3, 80007f0 <HAL_RCC_OscConfig+0x118>
        tickstart = HAL_GetTick();
 800079e:	f7ff fd67 	bl	8000270 <HAL_GetTick>
 80007a2:	4605      	mov	r5, r0
        while (__HAL_RCC_GET_FLAG(RCC_FLAG_HSERDY) == RESET)
 80007a4:	4b6b      	ldr	r3, [pc, #428]	@ (8000954 <HAL_RCC_OscConfig+0x27c>)
 80007a6:	681b      	ldr	r3, [r3, #0]
 80007a8:	f413 3f00 	tst.w	r3, #131072	@ 0x20000
 80007ac:	d1cb      	bne.n	8000746 <HAL_RCC_OscConfig+0x6e>
          if ((HAL_GetTick() - tickstart) > HSE_TIMEOUT_VALUE)
 80007ae:	f7ff fd5f 	bl	8000270 <HAL_GetTick>
 80007b2:	1b40      	subs	r0, r0, r5
 80007b4:	2864      	cmp	r0, #100	@ 0x64
 80007b6:	d9f5      	bls.n	80007a4 <HAL_RCC_OscConfig+0xcc>
            return HAL_TIMEOUT;
 80007b8:	2003      	movs	r0, #3
 80007ba:	e188      	b.n	8000ace <HAL_RCC_OscConfig+0x3f6>
      __HAL_RCC_HSE_CONFIG(RCC_OscInitStruct->HSEState);
 80007bc:	f5b3 2fa0 	cmp.w	r3, #327680	@ 0x50000
 80007c0:	d009      	beq.n	80007d6 <HAL_RCC_OscConfig+0xfe>
 80007c2:	4b64      	ldr	r3, [pc, #400]	@ (8000954 <HAL_RCC_OscConfig+0x27c>)
 80007c4:	681a      	ldr	r2, [r3, #0]
 80007c6:	f422 3280 	bic.w	r2, r2, #65536	@ 0x10000
 80007ca:	601a      	str	r2, [r3, #0]
 80007cc:	681a      	ldr	r2, [r3, #0]
 80007ce:	f422 2280 	bic.w	r2, r2, #262144	@ 0x40000
 80007d2:	601a      	str	r2, [r3, #0]
 80007d4:	e7e1      	b.n	800079a <HAL_RCC_OscConfig+0xc2>
 80007d6:	f103 4380 	add.w	r3, r3, #1073741824	@ 0x40000000
 80007da:	f5a3 333c 	sub.w	r3, r3, #192512	@ 0x2f000
 80007de:	681a      	ldr	r2, [r3, #0]
 80007e0:	f442 2280 	orr.w	r2, r2, #262144	@ 0x40000
 80007e4:	601a      	str	r2, [r3, #0]
 80007e6:	681a      	ldr	r2, [r3, #0]
 80007e8:	f442 3280 	orr.w	r2, r2, #65536	@ 0x10000
 80007ec:	601a      	str	r2, [r3, #0]
 80007ee:	e7d4      	b.n	800079a <HAL_RCC_OscConfig+0xc2>
        tickstart = HAL_GetTick();
 80007f0:	f7ff fd3e 	bl	8000270 <HAL_GetTick>
 80007f4:	4605      	mov	r5, r0
        while (__HAL_RCC_GET_FLAG(RCC_FLAG_HSERDY) != RESET)
 80007f6:	4b57      	ldr	r3, [pc, #348]	@ (8000954 <HAL_RCC_OscConfig+0x27c>)
 80007f8:	681b      	ldr	r3, [r3, #0]
 80007fa:	f413 3f00 	tst.w	r3, #131072	@ 0x20000
 80007fe:	d0a2      	beq.n	8000746 <HAL_RCC_OscConfig+0x6e>
          if ((HAL_GetTick() - tickstart) > HSE_TIMEOUT_VALUE)
 8000800:	f7ff fd36 	bl	8000270 <HAL_GetTick>
 8000804:	1b40      	subs	r0, r0, r5
 8000806:	2864      	cmp	r0, #100	@ 0x64
 8000808:	d9f5      	bls.n	80007f6 <HAL_RCC_OscConfig+0x11e>
            return HAL_TIMEOUT;
 800080a:	2003      	movs	r0, #3
 800080c:	e15f      	b.n	8000ace <HAL_RCC_OscConfig+0x3f6>
        || ((__HAL_RCC_GET_SYSCLK_SOURCE() == RCC_SYSCLKSOURCE_STATUS_PLLCLK) && (__HAL_RCC_GET_PLL_OSCSOURCE() == RCC_PLLSOURCE_HSI_DIV2)))
 800080e:	4b51      	ldr	r3, [pc, #324]	@ (8000954 <HAL_RCC_OscConfig+0x27c>)
 8000810:	685b      	ldr	r3, [r3, #4]
 8000812:	f413 3f80 	tst.w	r3, #65536	@ 0x10000
 8000816:	d1a5      	bne.n	8000764 <HAL_RCC_OscConfig+0x8c>
      if ((__HAL_RCC_GET_FLAG(RCC_FLAG_HSIRDY) != RESET) && (RCC_OscInitStruct->HSIState != RCC_HSI_ON))
 8000818:	4b4e      	ldr	r3, [pc, #312]	@ (8000954 <HAL_RCC_OscConfig+0x27c>)
 800081a:	681b      	ldr	r3, [r3, #0]
 800081c:	f013 0f02 	tst.w	r3, #2
 8000820:	d003      	beq.n	800082a <HAL_RCC_OscConfig+0x152>
 8000822:	6923      	ldr	r3, [r4, #16]
 8000824:	2b01      	cmp	r3, #1
 8000826:	f040 814f 	bne.w	8000ac8 <HAL_RCC_OscConfig+0x3f0>
        __HAL_RCC_HSI_CALIBRATIONVALUE_ADJUST(RCC_OscInitStruct->HSICalibrationValue);
 800082a:	4a4a      	ldr	r2, [pc, #296]	@ (8000954 <HAL_RCC_OscConfig+0x27c>)
 800082c:	6813      	ldr	r3, [r2, #0]
 800082e:	f023 03f8 	bic.w	r3, r3, #248	@ 0xf8
 8000832:	6961      	ldr	r1, [r4, #20]
 8000834:	ea43 03c1 	orr.w	r3, r3, r1, lsl #3
 8000838:	6013      	str	r3, [r2, #0]
  if (((RCC_OscInitStruct->OscillatorType) & RCC_OSCILLATORTYPE_LSI) == RCC_OSCILLATORTYPE_LSI)
 800083a:	6823      	ldr	r3, [r4, #0]
 800083c:	f013 0f08 	tst.w	r3, #8
 8000840:	d033      	beq.n	80008aa <HAL_RCC_OscConfig+0x1d2>
    if (RCC_OscInitStruct->LSIState != RCC_LSI_OFF)
 8000842:	69a3      	ldr	r3, [r4, #24]
 8000844:	2b00      	cmp	r3, #0
 8000846:	d05c      	beq.n	8000902 <HAL_RCC_OscConfig+0x22a>
      __HAL_RCC_LSI_ENABLE();
 8000848:	4b43      	ldr	r3, [pc, #268]	@ (8000958 <HAL_RCC_OscConfig+0x280>)
 800084a:	2201      	movs	r2, #1
 800084c:	f8c3 2480 	str.w	r2, [r3, #1152]	@ 0x480
      tickstart = HAL_GetTick();
 8000850:	f7ff fd0e 	bl	8000270 <HAL_GetTick>
 8000854:	4605      	mov	r5, r0
      while (__HAL_RCC_GET_FLAG(RCC_FLAG_LSIRDY) == RESET)
 8000856:	4b3f      	ldr	r3, [pc, #252]	@ (8000954 <HAL_RCC_OscConfig+0x27c>)
 8000858:	6a5b      	ldr	r3, [r3, #36]	@ 0x24
 800085a:	f013 0f02 	tst.w	r3, #2
 800085e:	d121      	bne.n	80008a4 <HAL_RCC_OscConfig+0x1cc>
        if ((HAL_GetTick() - tickstart) > LSI_TIMEOUT_VALUE)
 8000860:	f7ff fd06 	bl	8000270 <HAL_GetTick>
 8000864:	1b40      	subs	r0, r0, r5
 8000866:	2802      	cmp	r0, #2
 8000868:	d9f5      	bls.n	8000856 <HAL_RCC_OscConfig+0x17e>
          return HAL_TIMEOUT;
 800086a:	2003      	movs	r0, #3
 800086c:	e12f      	b.n	8000ace <HAL_RCC_OscConfig+0x3f6>
        __HAL_RCC_HSI_CALIBRATIONVALUE_ADJUST(RCC_OscInitStruct->HSICalibrationValue);
 800086e:	4a39      	ldr	r2, [pc, #228]	@ (8000954 <HAL_RCC_OscConfig+0x27c>)
 8000870:	6813      	ldr	r3, [r2, #0]
 8000872:	f023 03f8 	bic.w	r3, r3, #248	@ 0xf8
 8000876:	6961      	ldr	r1, [r4, #20]
 8000878:	ea43 03c1 	orr.w	r3, r3, r1, lsl #3
 800087c:	6013      	str	r3, [r2, #0]
 800087e:	e7dc      	b.n	800083a <HAL_RCC_OscConfig+0x162>
        __HAL_RCC_HSI_DISABLE();
 8000880:	4b35      	ldr	r3, [pc, #212]	@ (8000958 <HAL_RCC_OscConfig+0x280>)
 8000882:	2200      	movs	r2, #0
 8000884:	601a      	str	r2, [r3, #0]
        tickstart = HAL_GetTick();
 8000886:	f7ff fcf3 	bl	8000270 <HAL_GetTick>
 800088a:	4605      	mov	r5, r0
        while (__HAL_RCC_GET_FLAG(RCC_FLAG_HSIRDY) != RESET)
 800088c:	4b31      	ldr	r3, [pc, #196]	@ (8000954 <HAL_RCC_OscConfig+0x27c>)
 800088e:	681b      	ldr	r3, [r3, #0]
 8000890:	f013 0f02 	tst.w	r3, #2
 8000894:	d0d1      	beq.n	800083a <HAL_RCC_OscConfig+0x162>
          if ((HAL_GetTick() - tickstart) > HSI_TIMEOUT_VALUE)
 8000896:	f7ff fceb 	bl	8000270 <HAL_GetTick>
 800089a:	1b40      	subs	r0, r0, r5
 800089c:	2802      	cmp	r0, #2
 800089e:	d9f5      	bls.n	800088c <HAL_RCC_OscConfig+0x1b4>
            return HAL_TIMEOUT;
 80008a0:	2003      	movs	r0, #3
 80008a2:	e114      	b.n	8000ace <HAL_RCC_OscConfig+0x3f6>
      RCC_Delay(1);
 80008a4:	2001      	movs	r0, #1
 80008a6:	f7ff ff01 	bl	80006ac <RCC_Delay>
  if (((RCC_OscInitStruct->OscillatorType) & RCC_OSCILLATORTYPE_LSE) == RCC_OSCILLATORTYPE_LSE)
 80008aa:	6823      	ldr	r3, [r4, #0]
 80008ac:	f013 0f04 	tst.w	r3, #4
 80008b0:	f000 8096 	beq.w	80009e0 <HAL_RCC_OscConfig+0x308>
    if (__HAL_RCC_PWR_IS_CLK_DISABLED())
 80008b4:	4b27      	ldr	r3, [pc, #156]	@ (8000954 <HAL_RCC_OscConfig+0x27c>)
 80008b6:	69db      	ldr	r3, [r3, #28]
 80008b8:	f013 5f80 	tst.w	r3, #268435456	@ 0x10000000
 80008bc:	d134      	bne.n	8000928 <HAL_RCC_OscConfig+0x250>
      __HAL_RCC_PWR_CLK_ENABLE();
 80008be:	4b25      	ldr	r3, [pc, #148]	@ (8000954 <HAL_RCC_OscConfig+0x27c>)
 80008c0:	69da      	ldr	r2, [r3, #28]
 80008c2:	f042 5280 	orr.w	r2, r2, #268435456	@ 0x10000000
 80008c6:	61da      	str	r2, [r3, #28]
 80008c8:	69db      	ldr	r3, [r3, #28]
 80008ca:	f003 5380 	and.w	r3, r3, #268435456	@ 0x10000000
 80008ce:	9301      	str	r3, [sp, #4]
 80008d0:	9b01      	ldr	r3, [sp, #4]
      pwrclkchanged = SET;
 80008d2:	2501      	movs	r5, #1
    if (HAL_IS_BIT_CLR(PWR->CR, PWR_CR_DBP))
 80008d4:	4b21      	ldr	r3, [pc, #132]	@ (800095c <HAL_RCC_OscConfig+0x284>)
 80008d6:	681b      	ldr	r3, [r3, #0]
 80008d8:	f413 7f80 	tst.w	r3, #256	@ 0x100
 80008dc:	d026      	beq.n	800092c <HAL_RCC_OscConfig+0x254>
    __HAL_RCC_LSE_CONFIG(RCC_OscInitStruct->LSEState);
 80008de:	68e3      	ldr	r3, [r4, #12]
 80008e0:	2b01      	cmp	r3, #1
 80008e2:	d03d      	beq.n	8000960 <HAL_RCC_OscConfig+0x288>
 80008e4:	2b00      	cmp	r3, #0
 80008e6:	d153      	bne.n	8000990 <HAL_RCC_OscConfig+0x2b8>
 80008e8:	f103 4380 	add.w	r3, r3, #1073741824	@ 0x40000000
 80008ec:	f503 3304 	add.w	r3, r3, #135168	@ 0x21000
 80008f0:	6a1a      	ldr	r2, [r3, #32]
 80008f2:	f022 0201 	bic.w	r2, r2, #1
 80008f6:	621a      	str	r2, [r3, #32]
 80008f8:	6a1a      	ldr	r2, [r3, #32]
 80008fa:	f022 0204 	bic.w	r2, r2, #4
 80008fe:	621a      	str	r2, [r3, #32]
 8000900:	e033      	b.n	800096a <HAL_RCC_OscConfig+0x292>
      __HAL_RCC_LSI_DISABLE();
 8000902:	4b15      	ldr	r3, [pc, #84]	@ (8000958 <HAL_RCC_OscConfig+0x280>)
 8000904:	2200      	movs	r2, #0
 8000906:	f8c3 2480 	str.w	r2, [r3, #1152]	@ 0x480
      tickstart = HAL_GetTick();
 800090a:	f7ff fcb1 	bl	8000270 <HAL_GetTick>
 800090e:	4605      	mov	r5, r0
      while (__HAL_RCC_GET_FLAG(RCC_FLAG_LSIRDY) != RESET)
 8000910:	4b10      	ldr	r3, [pc, #64]	@ (8000954 <HAL_RCC_OscConfig+0x27c>)
 8000912:	6a5b      	ldr	r3, [r3, #36]	@ 0x24
 8000914:	f013 0f02 	tst.w	r3, #2
 8000918:	d0c7      	beq.n	80008aa <HAL_RCC_OscConfig+0x1d2>
        if ((HAL_GetTick() - tickstart) > LSI_TIMEOUT_VALUE)
 800091a:	f7ff fca9 	bl	8000270 <HAL_GetTick>
 800091e:	1b40      	subs	r0, r0, r5
 8000920:	2802      	cmp	r0, #2
 8000922:	d9f5      	bls.n	8000910 <HAL_RCC_OscConfig+0x238>
          return HAL_TIMEOUT;
 8000924:	2003      	movs	r0, #3
 8000926:	e0d2      	b.n	8000ace <HAL_RCC_OscConfig+0x3f6>
    FlagStatus       pwrclkchanged = RESET;
 8000928:	2500      	movs	r5, #0
 800092a:	e7d3      	b.n	80008d4 <HAL_RCC_OscConfig+0x1fc>
      SET_BIT(PWR->CR, PWR_CR_DBP);
 800092c:	4a0b      	ldr	r2, [pc, #44]	@ (800095c <HAL_RCC_OscConfig+0x284>)
 800092e:	6813      	ldr	r3, [r2, #0]
 8000930:	f443 7380 	orr.w	r3, r3, #256	@ 0x100
 8000934:	6013      	str	r3, [r2, #0]
      tickstart = HAL_GetTick();
 8000936:	f7ff fc9b 	bl	8000270 <HAL_GetTick>
 800093a:	4606      	mov	r6, r0
      while (HAL_IS_BIT_CLR(PWR->CR, PWR_CR_DBP))
 800093c:	4b07      	ldr	r3, [pc, #28]	@ (800095c <HAL_RCC_OscConfig+0x284>)
 800093e:	681b      	ldr	r3, [r3, #0]
 8000940:	f413 7f80 	tst.w	r3, #256	@ 0x100
 8000944:	d1cb      	bne.n	80008de <HAL_RCC_OscConfig+0x206>
        if ((HAL_GetTick() - tickstart) > RCC_DBP_TIMEOUT_VALUE)
 8000946:	f7ff fc93 	bl	8000270 <HAL_GetTick>
 800094a:	1b80      	subs	r0, r0, r6
 800094c:	2864      	cmp	r0, #100	@ 0x64
 800094e:	d9f5      	bls.n	800093c <HAL_RCC_OscConfig+0x264>
          return HAL_TIMEOUT;
 8000950:	2003      	movs	r0, #3
 8000952:	e0bc      	b.n	8000ace <HAL_RCC_OscConfig+0x3f6>
 8000954:	40021000 	.word	0x40021000
 8000958:	42420000 	.word	0x42420000
 800095c:	40007000 	.word	0x40007000
    __HAL_RCC_LSE_CONFIG(RCC_OscInitStruct->LSEState);
 8000960:	4a5f      	ldr	r2, [pc, #380]	@ (8000ae0 <HAL_RCC_OscConfig+0x408>)
 8000962:	6a13      	ldr	r3, [r2, #32]
 8000964:	f043 0301 	orr.w	r3, r3, #1
 8000968:	6213      	str	r3, [r2, #32]
    if (RCC_OscInitStruct->LSEState != RCC_LSE_OFF)
 800096a:	68e3      	ldr	r3, [r4, #12]
 800096c:	b333      	cbz	r3, 80009bc <HAL_RCC_OscConfig+0x2e4>
      tickstart = HAL_GetTick();
 800096e:	f7ff fc7f 	bl	8000270 <HAL_GetTick>
 8000972:	4606      	mov	r6, r0
      while (__HAL_RCC_GET_FLAG(RCC_FLAG_LSERDY) == RESET)
 8000974:	4b5a      	ldr	r3, [pc, #360]	@ (8000ae0 <HAL_RCC_OscConfig+0x408>)
 8000976:	6a1b      	ldr	r3, [r3, #32]
 8000978:	f013 0f02 	tst.w	r3, #2
 800097c:	d12f      	bne.n	80009de <HAL_RCC_OscConfig+0x306>
        if ((HAL_GetTick() - tickstart) > RCC_LSE_TIMEOUT_VALUE)
 800097e:	f7ff fc77 	bl	8000270 <HAL_GetTick>
 8000982:	1b80      	subs	r0, r0, r6
 8000984:	f241 3388 	movw	r3, #5000	@ 0x1388
 8000988:	4298      	cmp	r0, r3
 800098a:	d9f3      	bls.n	8000974 <HAL_RCC_OscConfig+0x29c>
          return HAL_TIMEOUT;
 800098c:	2003      	movs	r0, #3
 800098e:	e09e      	b.n	8000ace <HAL_RCC_OscConfig+0x3f6>
    __HAL_RCC_LSE_CONFIG(RCC_OscInitStruct->LSEState);
 8000990:	2b05      	cmp	r3, #5
 8000992:	d009      	beq.n	80009a8 <HAL_RCC_OscConfig+0x2d0>
 8000994:	4b52      	ldr	r3, [pc, #328]	@ (8000ae0 <HAL_RCC_OscConfig+0x408>)
 8000996:	6a1a      	ldr	r2, [r3, #32]
 8000998:	f022 0201 	bic.w	r2, r2, #1
 800099c:	621a      	str	r2, [r3, #32]
 800099e:	6a1a      	ldr	r2, [r3, #32]
 80009a0:	f022 0204 	bic.w	r2, r2, #4
 80009a4:	621a      	str	r2, [r3, #32]
 80009a6:	e7e0      	b.n	800096a <HAL_RCC_OscConfig+0x292>
 80009a8:	4b4d      	ldr	r3, [pc, #308]	@ (8000ae0 <HAL_RCC_OscConfig+0x408>)
 80009aa:	6a1a      	ldr	r2, [r3, #32]
 80009ac:	f042 0204 	orr.w	r2, r2, #4
 80009b0:	621a      	str	r2, [r3, #32]
 80009b2:	6a1a      	ldr	r2, [r3, #32]
 80009b4:	f042 0201 	orr.w	r2, r2, #1
 80009b8:	621a      	str	r2, [r3, #32]
 80009ba:	e7d6      	b.n	800096a <HAL_RCC_OscConfig+0x292>
      tickstart = HAL_GetTick();
 80009bc:	f7ff fc58 	bl	8000270 <HAL_GetTick>
 80009c0:	4606      	mov	r6, r0
      while (__HAL_RCC_GET_FLAG(RCC_FLAG_LSERDY) != RESET)
 80009c2:	4b47      	ldr	r3, [pc, #284]	@ (8000ae0 <HAL_RCC_OscConfig+0x408>)
 80009c4:	6a1b      	ldr	r3, [r3, #32]
 80009c6:	f013 0f02 	tst.w	r3, #2
 80009ca:	d008      	beq.n	80009de <HAL_RCC_OscConfig+0x306>
        if ((HAL_GetTick() - tickstart) > RCC_LSE_TIMEOUT_VALUE)
 80009cc:	f7ff fc50 	bl	8000270 <HAL_GetTick>
 80009d0:	1b80      	subs	r0, r0, r6
 80009d2:	f241 3388 	movw	r3, #5000	@ 0x1388
 80009d6:	4298      	cmp	r0, r3
 80009d8:	d9f3      	bls.n	80009c2 <HAL_RCC_OscConfig+0x2ea>
          return HAL_TIMEOUT;
 80009da:	2003      	movs	r0, #3
 80009dc:	e077      	b.n	8000ace <HAL_RCC_OscConfig+0x3f6>
    if (pwrclkchanged == SET)
 80009de:	b9e5      	cbnz	r5, 8000a1a <HAL_RCC_OscConfig+0x342>
  if ((RCC_OscInitStruct->PLL.PLLState) != RCC_PLL_NONE)
 80009e0:	69e3      	ldr	r3, [r4, #28]
 80009e2:	2b00      	cmp	r3, #0
 80009e4:	d072      	beq.n	8000acc <HAL_RCC_OscConfig+0x3f4>
    if (__HAL_RCC_GET_SYSCLK_SOURCE() != RCC_SYSCLKSOURCE_STATUS_PLLCLK)
 80009e6:	4a3e      	ldr	r2, [pc, #248]	@ (8000ae0 <HAL_RCC_OscConfig+0x408>)
 80009e8:	6852      	ldr	r2, [r2, #4]
 80009ea:	f002 020c 	and.w	r2, r2, #12
 80009ee:	2a08      	cmp	r2, #8
 80009f0:	d056      	beq.n	8000aa0 <HAL_RCC_OscConfig+0x3c8>
      if ((RCC_OscInitStruct->PLL.PLLState) == RCC_PLL_ON)
 80009f2:	2b02      	cmp	r3, #2
 80009f4:	d017      	beq.n	8000a26 <HAL_RCC_OscConfig+0x34e>
        __HAL_RCC_PLL_DISABLE();
 80009f6:	4b3b      	ldr	r3, [pc, #236]	@ (8000ae4 <HAL_RCC_OscConfig+0x40c>)
 80009f8:	2200      	movs	r2, #0
 80009fa:	661a      	str	r2, [r3, #96]	@ 0x60
        tickstart = HAL_GetTick();
 80009fc:	f7ff fc38 	bl	8000270 <HAL_GetTick>
 8000a00:	4604      	mov	r4, r0
        while (__HAL_RCC_GET_FLAG(RCC_FLAG_PLLRDY)  != RESET)
 8000a02:	4b37      	ldr	r3, [pc, #220]	@ (8000ae0 <HAL_RCC_OscConfig+0x408>)
 8000a04:	681b      	ldr	r3, [r3, #0]
 8000a06:	f013 7f00 	tst.w	r3, #33554432	@ 0x2000000
 8000a0a:	d047      	beq.n	8000a9c <HAL_RCC_OscConfig+0x3c4>
          if ((HAL_GetTick() - tickstart) > PLL_TIMEOUT_VALUE)
 8000a0c:	f7ff fc30 	bl	8000270 <HAL_GetTick>
 8000a10:	1b00      	subs	r0, r0, r4
 8000a12:	2802      	cmp	r0, #2
 8000a14:	d9f5      	bls.n	8000a02 <HAL_RCC_OscConfig+0x32a>
            return HAL_TIMEOUT;
 8000a16:	2003      	movs	r0, #3
 8000a18:	e059      	b.n	8000ace <HAL_RCC_OscConfig+0x3f6>
      __HAL_RCC_PWR_CLK_DISABLE();
 8000a1a:	4a31      	ldr	r2, [pc, #196]	@ (8000ae0 <HAL_RCC_OscConfig+0x408>)
 8000a1c:	69d3      	ldr	r3, [r2, #28]
 8000a1e:	f023 5380 	bic.w	r3, r3, #268435456	@ 0x10000000
 8000a22:	61d3      	str	r3, [r2, #28]
 8000a24:	e7dc      	b.n	80009e0 <HAL_RCC_OscConfig+0x308>
        __HAL_RCC_PLL_DISABLE();
 8000a26:	4b2f      	ldr	r3, [pc, #188]	@ (8000ae4 <HAL_RCC_OscConfig+0x40c>)
 8000a28:	2200      	movs	r2, #0
 8000a2a:	661a      	str	r2, [r3, #96]	@ 0x60
        tickstart = HAL_GetTick();
 8000a2c:	f7ff fc20 	bl	8000270 <HAL_GetTick>
 8000a30:	4605      	mov	r5, r0
        while (__HAL_RCC_GET_FLAG(RCC_FLAG_PLLRDY)  != RESET)
 8000a32:	4b2b      	ldr	r3, [pc, #172]	@ (8000ae0 <HAL_RCC_OscConfig+0x408>)
 8000a34:	681b      	ldr	r3, [r3, #0]
 8000a36:	f013 7f00 	tst.w	r3, #33554432	@ 0x2000000
 8000a3a:	d006      	beq.n	8000a4a <HAL_RCC_OscConfig+0x372>
          if ((HAL_GetTick() - tickstart) > PLL_TIMEOUT_VALUE)
 8000a3c:	f7ff fc18 	bl	8000270 <HAL_GetTick>
 8000a40:	1b40      	subs	r0, r0, r5
 8000a42:	2802      	cmp	r0, #2
 8000a44:	d9f5      	bls.n	8000a32 <HAL_RCC_OscConfig+0x35a>
            return HAL_TIMEOUT;
 8000a46:	2003      	movs	r0, #3
 8000a48:	e041      	b.n	8000ace <HAL_RCC_OscConfig+0x3f6>
        if (RCC_OscInitStruct->PLL.PLLSource == RCC_PLLSOURCE_HSE)
 8000a4a:	6a23      	ldr	r3, [r4, #32]
 8000a4c:	f5b3 3f80 	cmp.w	r3, #65536	@ 0x10000
 8000a50:	d01a      	beq.n	8000a88 <HAL_RCC_OscConfig+0x3b0>
        __HAL_RCC_PLL_CONFIG(RCC_OscInitStruct->PLL.PLLSource,
 8000a52:	4923      	ldr	r1, [pc, #140]	@ (8000ae0 <HAL_RCC_OscConfig+0x408>)
 8000a54:	684b      	ldr	r3, [r1, #4]
 8000a56:	f423 1374 	bic.w	r3, r3, #3997696	@ 0x3d0000
 8000a5a:	6a22      	ldr	r2, [r4, #32]
 8000a5c:	6a60      	ldr	r0, [r4, #36]	@ 0x24
 8000a5e:	4302      	orrs	r2, r0
 8000a60:	4313      	orrs	r3, r2
 8000a62:	604b      	str	r3, [r1, #4]
        __HAL_RCC_PLL_ENABLE();
 8000a64:	4b1f      	ldr	r3, [pc, #124]	@ (8000ae4 <HAL_RCC_OscConfig+0x40c>)
 8000a66:	2201      	movs	r2, #1
 8000a68:	661a      	str	r2, [r3, #96]	@ 0x60
        tickstart = HAL_GetTick();
 8000a6a:	f7ff fc01 	bl	8000270 <HAL_GetTick>
 8000a6e:	4604      	mov	r4, r0
        while (__HAL_RCC_GET_FLAG(RCC_FLAG_PLLRDY)  == RESET)
 8000a70:	4b1b      	ldr	r3, [pc, #108]	@ (8000ae0 <HAL_RCC_OscConfig+0x408>)
 8000a72:	681b      	ldr	r3, [r3, #0]
 8000a74:	f013 7f00 	tst.w	r3, #33554432	@ 0x2000000
 8000a78:	d10e      	bne.n	8000a98 <HAL_RCC_OscConfig+0x3c0>
          if ((HAL_GetTick() - tickstart) > PLL_TIMEOUT_VALUE)
 8000a7a:	f7ff fbf9 	bl	8000270 <HAL_GetTick>
 8000a7e:	1b00      	subs	r0, r0, r4
 8000a80:	2802      	cmp	r0, #2
 8000a82:	d9f5      	bls.n	8000a70 <HAL_RCC_OscConfig+0x398>
            return HAL_TIMEOUT;
 8000a84:	2003      	movs	r0, #3
 8000a86:	e022      	b.n	8000ace <HAL_RCC_OscConfig+0x3f6>
          __HAL_RCC_HSE_PREDIV_CONFIG(RCC_OscInitStruct->HSEPredivValue);
 8000a88:	4a15      	ldr	r2, [pc, #84]	@ (8000ae0 <HAL_RCC_OscConfig+0x408>)
 8000a8a:	6853      	ldr	r3, [r2, #4]
 8000a8c:	f423 3300 	bic.w	r3, r3, #131072	@ 0x20000
 8000a90:	68a1      	ldr	r1, [r4, #8]
 8000a92:	430b      	orrs	r3, r1
 8000a94:	6053      	str	r3, [r2, #4]
 8000a96:	e7dc      	b.n	8000a52 <HAL_RCC_OscConfig+0x37a>
  return HAL_OK;
 8000a98:	2000      	movs	r0, #0
 8000a9a:	e018      	b.n	8000ace <HAL_RCC_OscConfig+0x3f6>
 8000a9c:	2000      	movs	r0, #0
 8000a9e:	e016      	b.n	8000ace <HAL_RCC_OscConfig+0x3f6>
      if ((RCC_OscInitStruct->PLL.PLLState) == RCC_PLL_OFF)
 8000aa0:	2b01      	cmp	r3, #1
 8000aa2:	d016      	beq.n	8000ad2 <HAL_RCC_OscConfig+0x3fa>
        pll_config = RCC->CFGR;
 8000aa4:	4b0e      	ldr	r3, [pc, #56]	@ (8000ae0 <HAL_RCC_OscConfig+0x408>)
 8000aa6:	685b      	ldr	r3, [r3, #4]
        if ((READ_BIT(pll_config, RCC_CFGR_PLLSRC) != RCC_OscInitStruct->PLL.PLLSource) ||
 8000aa8:	f403 3180 	and.w	r1, r3, #65536	@ 0x10000
 8000aac:	6a22      	ldr	r2, [r4, #32]
 8000aae:	4291      	cmp	r1, r2
 8000ab0:	d111      	bne.n	8000ad6 <HAL_RCC_OscConfig+0x3fe>
            (READ_BIT(pll_config, RCC_CFGR_PLLMULL) != RCC_OscInitStruct->PLL.PLLMUL))
 8000ab2:	f403 1370 	and.w	r3, r3, #3932160	@ 0x3c0000
 8000ab6:	6a62      	ldr	r2, [r4, #36]	@ 0x24
        if ((READ_BIT(pll_config, RCC_CFGR_PLLSRC) != RCC_OscInitStruct->PLL.PLLSource) ||
 8000ab8:	4293      	cmp	r3, r2
 8000aba:	d10e      	bne.n	8000ada <HAL_RCC_OscConfig+0x402>
  return HAL_OK;
 8000abc:	2000      	movs	r0, #0
 8000abe:	e006      	b.n	8000ace <HAL_RCC_OscConfig+0x3f6>
    return HAL_ERROR;
 8000ac0:	2001      	movs	r0, #1
}
 8000ac2:	4770      	bx	lr
        return HAL_ERROR;
 8000ac4:	2001      	movs	r0, #1
 8000ac6:	e002      	b.n	8000ace <HAL_RCC_OscConfig+0x3f6>
        return HAL_ERROR;
 8000ac8:	2001      	movs	r0, #1
 8000aca:	e000      	b.n	8000ace <HAL_RCC_OscConfig+0x3f6>
  return HAL_OK;
 8000acc:	2000      	movs	r0, #0
}
 8000ace:	b002      	add	sp, #8
 8000ad0:	bd70      	pop	{r4, r5, r6, pc}
        return HAL_ERROR;
 8000ad2:	2001      	movs	r0, #1
 8000ad4:	e7fb      	b.n	8000ace <HAL_RCC_OscConfig+0x3f6>
          return HAL_ERROR;
 8000ad6:	2001      	movs	r0, #1
 8000ad8:	e7f9      	b.n	8000ace <HAL_RCC_OscConfig+0x3f6>
 8000ada:	2001      	movs	r0, #1
 8000adc:	e7f7      	b.n	8000ace <HAL_RCC_OscConfig+0x3f6>
 8000ade:	bf00      	nop
 8000ae0:	40021000 	.word	0x40021000
 8000ae4:	42420000 	.word	0x42420000

08000ae8 <HAL_RCC_GetSysClockFreq>:
  tmpreg = RCC->CFGR;
 8000ae8:	4b0f      	ldr	r3, [pc, #60]	@ (8000b28 <HAL_RCC_GetSysClockFreq+0x40>)
 8000aea:	685b      	ldr	r3, [r3, #4]
  switch (tmpreg & RCC_CFGR_SWS)
 8000aec:	f003 020c 	and.w	r2, r3, #12
 8000af0:	2a08      	cmp	r2, #8
 8000af2:	d001      	beq.n	8000af8 <HAL_RCC_GetSysClockFreq+0x10>
      sysclockfreq = HSE_VALUE;
 8000af4:	480d      	ldr	r0, [pc, #52]	@ (8000b2c <HAL_RCC_GetSysClockFreq+0x44>)
}
 8000af6:	4770      	bx	lr
      pllmul = aPLLMULFactorTable[(uint32_t)(tmpreg & RCC_CFGR_PLLMULL) >> RCC_CFGR_PLLMULL_Pos];
 8000af8:	f3c3 4283 	ubfx	r2, r3, #18, #4
 8000afc:	490c      	ldr	r1, [pc, #48]	@ (8000b30 <HAL_RCC_GetSysClockFreq+0x48>)
 8000afe:	5c88      	ldrb	r0, [r1, r2]
      if ((tmpreg & RCC_CFGR_PLLSRC) != RCC_PLLSOURCE_HSI_DIV2)
 8000b00:	f413 3f80 	tst.w	r3, #65536	@ 0x10000
 8000b04:	d00b      	beq.n	8000b1e <HAL_RCC_GetSysClockFreq+0x36>
        prediv = aPredivFactorTable[(uint32_t)(RCC->CFGR & RCC_CFGR_PLLXTPRE) >> RCC_CFGR_PLLXTPRE_Pos];
 8000b06:	4b08      	ldr	r3, [pc, #32]	@ (8000b28 <HAL_RCC_GetSysClockFreq+0x40>)
 8000b08:	685b      	ldr	r3, [r3, #4]
 8000b0a:	f3c3 4340 	ubfx	r3, r3, #17, #1
 8000b0e:	4a09      	ldr	r2, [pc, #36]	@ (8000b34 <HAL_RCC_GetSysClockFreq+0x4c>)
 8000b10:	5cd3      	ldrb	r3, [r2, r3]
        pllclk = (uint32_t)((HSE_VALUE  * pllmul) / prediv);
 8000b12:	4a06      	ldr	r2, [pc, #24]	@ (8000b2c <HAL_RCC_GetSysClockFreq+0x44>)
 8000b14:	fb02 f000 	mul.w	r0, r2, r0
 8000b18:	fbb0 f0f3 	udiv	r0, r0, r3
 8000b1c:	4770      	bx	lr
        pllclk = (uint32_t)((HSI_VALUE >> 1) * pllmul);
 8000b1e:	4b06      	ldr	r3, [pc, #24]	@ (8000b38 <HAL_RCC_GetSysClockFreq+0x50>)
 8000b20:	fb03 f000 	mul.w	r0, r3, r0
 8000b24:	4770      	bx	lr
 8000b26:	bf00      	nop
 8000b28:	40021000 	.word	0x40021000
 8000b2c:	007a1200 	.word	0x007a1200
 8000b30:	080013e8 	.word	0x080013e8
 8000b34:	080013e4 	.word	0x080013e4
 8000b38:	003d0900 	.word	0x003d0900

08000b3c <HAL_RCC_ClockConfig>:
  if (RCC_ClkInitStruct == NULL)
 8000b3c:	2800      	cmp	r0, #0
 8000b3e:	f000 80a0 	beq.w	8000c82 <HAL_RCC_ClockConfig+0x146>
{
 8000b42:	b570      	push	{r4, r5, r6, lr}
 8000b44:	460d      	mov	r5, r1
 8000b46:	4604      	mov	r4, r0
  if (FLatency > __HAL_FLASH_GET_LATENCY())
 8000b48:	4b52      	ldr	r3, [pc, #328]	@ (8000c94 <HAL_RCC_ClockConfig+0x158>)
 8000b4a:	681b      	ldr	r3, [r3, #0]
 8000b4c:	f003 0307 	and.w	r3, r3, #7
 8000b50:	428b      	cmp	r3, r1
 8000b52:	d20b      	bcs.n	8000b6c <HAL_RCC_ClockConfig+0x30>
    __HAL_FLASH_SET_LATENCY(FLatency);
 8000b54:	4a4f      	ldr	r2, [pc, #316]	@ (8000c94 <HAL_RCC_ClockConfig+0x158>)
 8000b56:	6813      	ldr	r3, [r2, #0]
 8000b58:	f023 0307 	bic.w	r3, r3, #7
 8000b5c:	430b      	orrs	r3, r1
 8000b5e:	6013      	str	r3, [r2, #0]
    if (__HAL_FLASH_GET_LATENCY() != FLatency)
 8000b60:	6813      	ldr	r3, [r2, #0]
 8000b62:	f003 0307 	and.w	r3, r3, #7
 8000b66:	428b      	cmp	r3, r1
 8000b68:	f040 808d 	bne.w	8000c86 <HAL_RCC_ClockConfig+0x14a>
if (((RCC_ClkInitStruct->ClockType) & RCC_CLOCKTYPE_HCLK) == RCC_CLOCKTYPE_HCLK)
 8000b6c:	6823      	ldr	r3, [r4, #0]
 8000b6e:	f013 0f02 	tst.w	r3, #2
 8000b72:	d017      	beq.n	8000ba4 <HAL_RCC_ClockConfig+0x68>
    if (((RCC_ClkInitStruct->ClockType) & RCC_CLOCKTYPE_PCLK1) == RCC_CLOCKTYPE_PCLK1)
 8000b74:	f013 0f04 	tst.w	r3, #4
 8000b78:	d004      	beq.n	8000b84 <HAL_RCC_ClockConfig+0x48>
      MODIFY_REG(RCC->CFGR, RCC_CFGR_PPRE1, RCC_HCLK_DIV16);
 8000b7a:	4a47      	ldr	r2, [pc, #284]	@ (8000c98 <HAL_RCC_ClockConfig+0x15c>)
 8000b7c:	6853      	ldr	r3, [r2, #4]
 8000b7e:	f443 63e0 	orr.w	r3, r3, #1792	@ 0x700
 8000b82:	6053      	str	r3, [r2, #4]
    if (((RCC_ClkInitStruct->ClockType) & RCC_CLOCKTYPE_PCLK2) == RCC_CLOCKTYPE_PCLK2)
 8000b84:	6823      	ldr	r3, [r4, #0]
 8000b86:	f013 0f08 	tst.w	r3, #8
 8000b8a:	d004      	beq.n	8000b96 <HAL_RCC_ClockConfig+0x5a>
      MODIFY_REG(RCC->CFGR, RCC_CFGR_PPRE2, (RCC_HCLK_DIV16 << 3));
 8000b8c:	4a42      	ldr	r2, [pc, #264]	@ (8000c98 <HAL_RCC_ClockConfig+0x15c>)
 8000b8e:	6853      	ldr	r3, [r2, #4]
 8000b90:	f443 5360 	orr.w	r3, r3, #14336	@ 0x3800
 8000b94:	6053      	str	r3, [r2, #4]
    MODIFY_REG(RCC->CFGR, RCC_CFGR_HPRE, RCC_ClkInitStruct->AHBCLKDivider);
 8000b96:	4a40      	ldr	r2, [pc, #256]	@ (8000c98 <HAL_RCC_ClockConfig+0x15c>)
 8000b98:	6853      	ldr	r3, [r2, #4]
 8000b9a:	f023 03f0 	bic.w	r3, r3, #240	@ 0xf0
 8000b9e:	68a1      	ldr	r1, [r4, #8]
 8000ba0:	430b      	orrs	r3, r1
 8000ba2:	6053      	str	r3, [r2, #4]
  if (((RCC_ClkInitStruct->ClockType) & RCC_CLOCKTYPE_SYSCLK) == RCC_CLOCKTYPE_SYSCLK)
 8000ba4:	6823      	ldr	r3, [r4, #0]
 8000ba6:	f013 0f01 	tst.w	r3, #1
 8000baa:	d031      	beq.n	8000c10 <HAL_RCC_ClockConfig+0xd4>
    if (RCC_ClkInitStruct->SYSCLKSource == RCC_SYSCLKSOURCE_HSE)
 8000bac:	6863      	ldr	r3, [r4, #4]
 8000bae:	2b01      	cmp	r3, #1
 8000bb0:	d020      	beq.n	8000bf4 <HAL_RCC_ClockConfig+0xb8>
    else if (RCC_ClkInitStruct->SYSCLKSource == RCC_SYSCLKSOURCE_PLLCLK)
 8000bb2:	2b02      	cmp	r3, #2
 8000bb4:	d025      	beq.n	8000c02 <HAL_RCC_ClockConfig+0xc6>
      if (__HAL_RCC_GET_FLAG(RCC_FLAG_HSIRDY) == RESET)
 8000bb6:	4a38      	ldr	r2, [pc, #224]	@ (8000c98 <HAL_RCC_ClockConfig+0x15c>)
 8000bb8:	6812      	ldr	r2, [r2, #0]
 8000bba:	f012 0f02 	tst.w	r2, #2
 8000bbe:	d064      	beq.n	8000c8a <HAL_RCC_ClockConfig+0x14e>
    __HAL_RCC_SYSCLK_CONFIG(RCC_ClkInitStruct->SYSCLKSource);
 8000bc0:	4935      	ldr	r1, [pc, #212]	@ (8000c98 <HAL_RCC_ClockConfig+0x15c>)
 8000bc2:	684a      	ldr	r2, [r1, #4]
 8000bc4:	f022 0203 	bic.w	r2, r2, #3
 8000bc8:	4313      	orrs	r3, r2
 8000bca:	604b      	str	r3, [r1, #4]
    tickstart = HAL_GetTick();
 8000bcc:	f7ff fb50 	bl	8000270 <HAL_GetTick>
 8000bd0:	4606      	mov	r6, r0
    while (__HAL_RCC_GET_SYSCLK_SOURCE() != (RCC_ClkInitStruct->SYSCLKSource << RCC_CFGR_SWS_Pos))
 8000bd2:	4b31      	ldr	r3, [pc, #196]	@ (8000c98 <HAL_RCC_ClockConfig+0x15c>)
 8000bd4:	685b      	ldr	r3, [r3, #4]
 8000bd6:	f003 030c 	and.w	r3, r3, #12
 8000bda:	6862      	ldr	r2, [r4, #4]
 8000bdc:	ebb3 0f82 	cmp.w	r3, r2, lsl #2
 8000be0:	d016      	beq.n	8000c10 <HAL_RCC_ClockConfig+0xd4>
      if ((HAL_GetTick() - tickstart) > CLOCKSWITCH_TIMEOUT_VALUE)
 8000be2:	f7ff fb45 	bl	8000270 <HAL_GetTick>
 8000be6:	1b80      	subs	r0, r0, r6
 8000be8:	f241 3388 	movw	r3, #5000	@ 0x1388
 8000bec:	4298      	cmp	r0, r3
 8000bee:	d9f0      	bls.n	8000bd2 <HAL_RCC_ClockConfig+0x96>
        return HAL_TIMEOUT;
 8000bf0:	2003      	movs	r0, #3
 8000bf2:	e045      	b.n	8000c80 <HAL_RCC_ClockConfig+0x144>
      if (__HAL_RCC_GET_FLAG(RCC_FLAG_HSERDY) == RESET)
 8000bf4:	4a28      	ldr	r2, [pc, #160]	@ (8000c98 <HAL_RCC_ClockConfig+0x15c>)
 8000bf6:	6812      	ldr	r2, [r2, #0]
 8000bf8:	f412 3f00 	tst.w	r2, #131072	@ 0x20000
 8000bfc:	d1e0      	bne.n	8000bc0 <HAL_RCC_ClockConfig+0x84>
        return HAL_ERROR;
 8000bfe:	2001      	movs	r0, #1
 8000c00:	e03e      	b.n	8000c80 <HAL_RCC_ClockConfig+0x144>
      if (__HAL_RCC_GET_FLAG(RCC_FLAG_PLLRDY) == RESET)
 8000c02:	4a25      	ldr	r2, [pc, #148]	@ (8000c98 <HAL_RCC_ClockConfig+0x15c>)
 8000c04:	6812      	ldr	r2, [r2, #0]
 8000c06:	f012 7f00 	tst.w	r2, #33554432	@ 0x2000000
 8000c0a:	d1d9      	bne.n	8000bc0 <HAL_RCC_ClockConfig+0x84>
        return HAL_ERROR;
 8000c0c:	2001      	movs	r0, #1
 8000c0e:	e037      	b.n	8000c80 <HAL_RCC_ClockConfig+0x144>
  if (FLatency < __HAL_FLASH_GET_LATENCY())
 8000c10:	4b20      	ldr	r3, [pc, #128]	@ (8000c94 <HAL_RCC_ClockConfig+0x158>)
 8000c12:	681b      	ldr	r3, [r3, #0]
 8000c14:	f003 0307 	and.w	r3, r3, #7
 8000c18:	42ab      	cmp	r3, r5
 8000c1a:	d90a      	bls.n	8000c32 <HAL_RCC_ClockConfig+0xf6>
    __HAL_FLASH_SET_LATENCY(FLatency);
 8000c1c:	4a1d      	ldr	r2, [pc, #116]	@ (8000c94 <HAL_RCC_ClockConfig+0x158>)
 8000c1e:	6813      	ldr	r3, [r2, #0]
 8000c20:	f023 0307 	bic.w	r3, r3, #7
 8000c24:	432b      	orrs	r3, r5
 8000c26:	6013      	str	r3, [r2, #0]
    if (__HAL_FLASH_GET_LATENCY() != FLatency)
 8000c28:	6813      	ldr	r3, [r2, #0]
 8000c2a:	f003 0307 	and.w	r3, r3, #7
 8000c2e:	42ab      	cmp	r3, r5
 8000c30:	d12d      	bne.n	8000c8e <HAL_RCC_ClockConfig+0x152>
if (((RCC_ClkInitStruct->ClockType) & RCC_CLOCKTYPE_PCLK1) == RCC_CLOCKTYPE_PCLK1)
 8000c32:	6823      	ldr	r3, [r4, #0]
 8000c34:	f013 0f04 	tst.w	r3, #4
 8000c38:	d006      	beq.n	8000c48 <HAL_RCC_ClockConfig+0x10c>
    MODIFY_REG(RCC->CFGR, RCC_CFGR_PPRE1, RCC_ClkInitStruct->APB1CLKDivider);
 8000c3a:	4a17      	ldr	r2, [pc, #92]	@ (8000c98 <HAL_RCC_ClockConfig+0x15c>)
 8000c3c:	6853      	ldr	r3, [r2, #4]
 8000c3e:	f423 63e0 	bic.w	r3, r3, #1792	@ 0x700
 8000c42:	68e1      	ldr	r1, [r4, #12]
 8000c44:	430b      	orrs	r3, r1
 8000c46:	6053      	str	r3, [r2, #4]
  if (((RCC_ClkInitStruct->ClockType) & RCC_CLOCKTYPE_PCLK2) == RCC_CLOCKTYPE_PCLK2)
 8000c48:	6823      	ldr	r3, [r4, #0]
 8000c4a:	f013 0f08 	tst.w	r3, #8
 8000c4e:	d007      	beq.n	8000c60 <HAL_RCC_ClockConfig+0x124>
    MODIFY_REG(RCC->CFGR, RCC_CFGR_PPRE2, ((RCC_ClkInitStruct->APB2CLKDivider) << 3));
 8000c50:	4a11      	ldr	r2, [pc, #68]	@ (8000c98 <HAL_RCC_ClockConfig+0x15c>)
 8000c52:	6853      	ldr	r3, [r2, #4]
 8000c54:	f423 5360 	bic.w	r3, r3, #14336	@ 0x3800
 8000c58:	6921      	ldr	r1, [r4, #16]
 8000c5a:	ea43 03c1 	orr.w	r3, r3, r1, lsl #3
 8000c5e:	6053      	str	r3, [r2, #4]
  SystemCoreClock = HAL_RCC_GetSysClockFreq() >> AHBPrescTable[(RCC->CFGR & RCC_CFGR_HPRE) >> RCC_CFGR_HPRE_Pos];
 8000c60:	f7ff ff42 	bl	8000ae8 <HAL_RCC_GetSysClockFreq>
 8000c64:	4b0c      	ldr	r3, [pc, #48]	@ (8000c98 <HAL_RCC_ClockConfig+0x15c>)
 8000c66:	685b      	ldr	r3, [r3, #4]
 8000c68:	f3c3 1303 	ubfx	r3, r3, #4, #4
 8000c6c:	4a0b      	ldr	r2, [pc, #44]	@ (8000c9c <HAL_RCC_ClockConfig+0x160>)
 8000c6e:	5cd3      	ldrb	r3, [r2, r3]
 8000c70:	40d8      	lsrs	r0, r3
 8000c72:	4b0b      	ldr	r3, [pc, #44]	@ (8000ca0 <HAL_RCC_ClockConfig+0x164>)
 8000c74:	6018      	str	r0, [r3, #0]
  HAL_InitTick(uwTickPrio);
 8000c76:	4b0b      	ldr	r3, [pc, #44]	@ (8000ca4 <HAL_RCC_ClockConfig+0x168>)
 8000c78:	6818      	ldr	r0, [r3, #0]
 8000c7a:	f7ff fab5 	bl	80001e8 <HAL_InitTick>
  return HAL_OK;
 8000c7e:	2000      	movs	r0, #0
}
 8000c80:	bd70      	pop	{r4, r5, r6, pc}
    return HAL_ERROR;
 8000c82:	2001      	movs	r0, #1
}
 8000c84:	4770      	bx	lr
    return HAL_ERROR;
 8000c86:	2001      	movs	r0, #1
 8000c88:	e7fa      	b.n	8000c80 <HAL_RCC_ClockConfig+0x144>
        return HAL_ERROR;
 8000c8a:	2001      	movs	r0, #1
 8000c8c:	e7f8      	b.n	8000c80 <HAL_RCC_ClockConfig+0x144>
    return HAL_ERROR;
 8000c8e:	2001      	movs	r0, #1
 8000c90:	e7f6      	b.n	8000c80 <HAL_RCC_ClockConfig+0x144>
 8000c92:	bf00      	nop
 8000c94:	40022000 	.word	0x40022000
 8000c98:	40021000 	.word	0x40021000
 8000c9c:	08001400 	.word	0x08001400
 8000ca0:	20000008 	.word	0x20000008
 8000ca4:	20000004 	.word	0x20000004

08000ca8 <HAL_RCC_GetHCLKFreq>:
}
 8000ca8:	4b01      	ldr	r3, [pc, #4]	@ (8000cb0 <HAL_RCC_GetHCLKFreq+0x8>)
 8000caa:	6818      	ldr	r0, [r3, #0]
 8000cac:	4770      	bx	lr
 8000cae:	bf00      	nop
 8000cb0:	20000008 	.word	0x20000008

08000cb4 <HAL_RCC_GetPCLK1Freq>:
{
 8000cb4:	b508      	push	{r3, lr}
  return (HAL_RCC_GetHCLKFreq() >> APBPrescTable[(RCC->CFGR & RCC_CFGR_PPRE1) >> RCC_CFGR_PPRE1_Pos]);
 8000cb6:	f7ff fff7 	bl	8000ca8 <HAL_RCC_GetHCLKFreq>
 8000cba:	4b04      	ldr	r3, [pc, #16]	@ (8000ccc <HAL_RCC_GetPCLK1Freq+0x18>)
 8000cbc:	685b      	ldr	r3, [r3, #4]
 8000cbe:	f3c3 2302 	ubfx	r3, r3, #8, #3
 8000cc2:	4a03      	ldr	r2, [pc, #12]	@ (8000cd0 <HAL_RCC_GetPCLK1Freq+0x1c>)
 8000cc4:	5cd3      	ldrb	r3, [r2, r3]
}
 8000cc6:	40d8      	lsrs	r0, r3
 8000cc8:	bd08      	pop	{r3, pc}
 8000cca:	bf00      	nop
 8000ccc:	40021000 	.word	0x40021000
 8000cd0:	080013f8 	.word	0x080013f8

08000cd4 <HAL_RCC_GetPCLK2Freq>:
{
 8000cd4:	b508      	push	{r3, lr}
  return (HAL_RCC_GetHCLKFreq() >> APBPrescTable[(RCC->CFGR & RCC_CFGR_PPRE2) >> RCC_CFGR_PPRE2_Pos]);
 8000cd6:	f7ff ffe7 	bl	8000ca8 <HAL_RCC_GetHCLKFreq>
 8000cda:	4b04      	ldr	r3, [pc, #16]	@ (8000cec <HAL_RCC_GetPCLK2Freq+0x18>)
 8000cdc:	685b      	ldr	r3, [r3, #4]
 8000cde:	f3c3 23c2 	ubfx	r3, r3, #11, #3
 8000ce2:	4a03      	ldr	r2, [pc, #12]	@ (8000cf0 <HAL_RCC_GetPCLK2Freq+0x1c>)
 8000ce4:	5cd3      	ldrb	r3, [r2, r3]
}
 8000ce6:	40d8      	lsrs	r0, r3
 8000ce8:	bd08      	pop	{r3, pc}
 8000cea:	bf00      	nop
 8000cec:	40021000 	.word	0x40021000
 8000cf0:	080013f8 	.word	0x080013f8

08000cf4 <UART_EndRxTransfer>:
  * @retval None
  */
static void UART_EndRxTransfer(UART_HandleTypeDef *huart)
{
  /* Disable RXNE, PE and ERR (Frame error, noise error, overrun error) interrupts */
  ATOMIC_CLEAR_BIT(huart->Instance->CR1, (USART_CR1_RXNEIE | USART_CR1_PEIE));
 8000cf4:	6802      	ldr	r2, [r0, #0]
 */
__STATIC_FORCEINLINE uint32_t __LDREXW(volatile uint32_t *addr)
{
    uint32_t result;

   __ASM volatile ("ldrex %0, %1" : "=r" (result) : "Q" (*addr) );
 8000cf6:	f102 030c 	add.w	r3, r2, #12
 8000cfa:	e853 3f00 	ldrex	r3, [r3]
 8000cfe:	f423 7390 	bic.w	r3, r3, #288	@ 0x120
 */
__STATIC_FORCEINLINE uint32_t __STREXW(uint32_t value, volatile uint32_t *addr)
{
   uint32_t result;

   __ASM volatile ("strex %0, %2, %1" : "=&r" (result), "=Q" (*addr) : "r" (value) );
 8000d02:	320c      	adds	r2, #12
 8000d04:	e842 3100 	strex	r1, r3, [r2]
 8000d08:	2900      	cmp	r1, #0
 8000d0a:	d1f3      	bne.n	8000cf4 <UART_EndRxTransfer>
  ATOMIC_CLEAR_BIT(huart->Instance->CR3, USART_CR3_EIE);
 8000d0c:	6802      	ldr	r2, [r0, #0]
   __ASM volatile ("ldrex %0, %1" : "=r" (result) : "Q" (*addr) );
 8000d0e:	f102 0314 	add.w	r3, r2, #20
 8000d12:	e853 3f00 	ldrex	r3, [r3]
 8000d16:	f023 0301 	bic.w	r3, r3, #1
   __ASM volatile ("strex %0, %2, %1" : "=&r" (result), "=Q" (*addr) : "r" (value) );
 8000d1a:	3214      	adds	r2, #20
 8000d1c:	e842 3100 	strex	r1, r3, [r2]
 8000d20:	2900      	cmp	r1, #0
 8000d22:	d1f3      	bne.n	8000d0c <UART_EndRxTransfer+0x18>

  /* In case of reception waiting for IDLE event, disable also the IDLE IE interrupt source */
  if (huart->ReceptionType == HAL_UART_RECEPTION_TOIDLE)
 8000d24:	6b03      	ldr	r3, [r0, #48]	@ 0x30
 8000d26:	2b01      	cmp	r3, #1
 8000d28:	d005      	beq.n	8000d36 <UART_EndRxTransfer+0x42>
  {
    ATOMIC_CLEAR_BIT(huart->Instance->CR1, USART_CR1_IDLEIE);
  }

  /* At end of Rx process, restore huart->RxState to Ready */
  huart->RxState = HAL_UART_STATE_READY;
 8000d2a:	2320      	movs	r3, #32
 8000d2c:	f880 3042 	strb.w	r3, [r0, #66]	@ 0x42
  huart->ReceptionType = HAL_UART_RECEPTION_STANDARD;
 8000d30:	2300      	movs	r3, #0
 8000d32:	6303      	str	r3, [r0, #48]	@ 0x30
}
 8000d34:	4770      	bx	lr
    ATOMIC_CLEAR_BIT(huart->Instance->CR1, USART_CR1_IDLEIE);
 8000d36:	6802      	ldr	r2, [r0, #0]
   __ASM volatile ("ldrex %0, %1" : "=r" (result) : "Q" (*addr) );
 8000d38:	f102 030c 	add.w	r3, r2, #12
 8000d3c:	e853 3f00 	ldrex	r3, [r3]
 8000d40:	f023 0310 	bic.w	r3, r3, #16
   __ASM volatile ("strex %0, %2, %1" : "=&r" (result), "=Q" (*addr) : "r" (value) );
 8000d44:	320c      	adds	r2, #12
 8000d46:	e842 3100 	strex	r1, r3, [r2]
 8000d4a:	2900      	cmp	r1, #0
 8000d4c:	d1f3      	bne.n	8000d36 <UART_EndRxTransfer+0x42>
 8000d4e:	e7ec      	b.n	8000d2a <UART_EndRxTransfer+0x36>

08000d50 <UART_Transmit_IT>:
static HAL_StatusTypeDef UART_Transmit_IT(UART_HandleTypeDef *huart)
{
  const uint16_t *tmp;

  /* Check that a Tx process is ongoing */
  if (huart->gState == HAL_UART_STATE_BUSY_TX)
 8000d50:	f890 3041 	ldrb.w	r3, [r0, #65]	@ 0x41
 8000d54:	b2db      	uxtb	r3, r3
 8000d56:	2b21      	cmp	r3, #33	@ 0x21
 8000d58:	d001      	beq.n	8000d5e <UART_Transmit_IT+0xe>
    }
    return HAL_OK;
  }
  else
  {
    return HAL_BUSY;
 8000d5a:	2002      	movs	r0, #2
  }
}
 8000d5c:	4770      	bx	lr
    if ((huart->Init.WordLength == UART_WORDLENGTH_9B) && (huart->Init.Parity == UART_PARITY_NONE))
 8000d5e:	6883      	ldr	r3, [r0, #8]
 8000d60:	f5b3 5f80 	cmp.w	r3, #4096	@ 0x1000
 8000d64:	d017      	beq.n	8000d96 <UART_Transmit_IT+0x46>
      huart->Instance->DR = (uint8_t)(*huart->pTxBuffPtr++ & (uint8_t)0x00FF);
 8000d66:	6a03      	ldr	r3, [r0, #32]
 8000d68:	1c5a      	adds	r2, r3, #1
 8000d6a:	6202      	str	r2, [r0, #32]
 8000d6c:	781a      	ldrb	r2, [r3, #0]
 8000d6e:	6803      	ldr	r3, [r0, #0]
 8000d70:	605a      	str	r2, [r3, #4]
    if (--huart->TxXferCount == 0U)
 8000d72:	8cc3      	ldrh	r3, [r0, #38]	@ 0x26
 8000d74:	b29b      	uxth	r3, r3
 8000d76:	3b01      	subs	r3, #1
 8000d78:	b29b      	uxth	r3, r3
 8000d7a:	84c3      	strh	r3, [r0, #38]	@ 0x26
 8000d7c:	b94b      	cbnz	r3, 8000d92 <UART_Transmit_IT+0x42>
      __HAL_UART_DISABLE_IT(huart, UART_IT_TXE);
 8000d7e:	6802      	ldr	r2, [r0, #0]
 8000d80:	68d3      	ldr	r3, [r2, #12]
 8000d82:	f023 0380 	bic.w	r3, r3, #128	@ 0x80
 8000d86:	60d3      	str	r3, [r2, #12]
      __HAL_UART_ENABLE_IT(huart, UART_IT_TC);
 8000d88:	6802      	ldr	r2, [r0, #0]
 8000d8a:	68d3      	ldr	r3, [r2, #12]
 8000d8c:	f043 0340 	orr.w	r3, r3, #64	@ 0x40
 8000d90:	60d3      	str	r3, [r2, #12]
    return HAL_OK;
 8000d92:	2000      	movs	r0, #0
 8000d94:	4770      	bx	lr
    if ((huart->Init.WordLength == UART_WORDLENGTH_9B) && (huart->Init.Parity == UART_PARITY_NONE))
 8000d96:	6903      	ldr	r3, [r0, #16]
 8000d98:	2b00      	cmp	r3, #0
 8000d9a:	d1e4      	bne.n	8000d66 <UART_Transmit_IT+0x16>
      tmp = (const uint16_t *) huart->pTxBuffPtr;
 8000d9c:	6a03      	ldr	r3, [r0, #32]
      huart->Instance->DR = (uint16_t)(*tmp & (uint16_t)0x01FF);
 8000d9e:	881b      	ldrh	r3, [r3, #0]
 8000da0:	6802      	ldr	r2, [r0, #0]
 8000da2:	f3c3 0308 	ubfx	r3, r3, #0, #9
 8000da6:	6053      	str	r3, [r2, #4]
      huart->pTxBuffPtr += 2U;
 8000da8:	6a03      	ldr	r3, [r0, #32]
 8000daa:	3302      	adds	r3, #2
 8000dac:	6203      	str	r3, [r0, #32]
 8000dae:	e7e0      	b.n	8000d72 <UART_Transmit_IT+0x22>

08000db0 <UART_SetConfig>:
  * @param  huart  Pointer to a UART_HandleTypeDef structure that contains
  *                the configuration information for the specified UART module.
  * @retval None
  */
static void UART_SetConfig(UART_HandleTypeDef *huart)
{
 8000db0:	b510      	push	{r4, lr}
 8000db2:	4604      	mov	r4, r0
  assert_param(IS_UART_MODE(huart->Init.Mode));

  /*-------------------------- USART CR2 Configuration -----------------------*/
  /* Configure the UART Stop Bits: Set STOP[13:12] bits
     according to huart->Init.StopBits value */
  MODIFY_REG(huart->Instance->CR2, USART_CR2_STOP, huart->Init.StopBits);
 8000db4:	6802      	ldr	r2, [r0, #0]
 8000db6:	6913      	ldr	r3, [r2, #16]
 8000db8:	f423 5340 	bic.w	r3, r3, #12288	@ 0x3000
 8000dbc:	68c1      	ldr	r1, [r0, #12]
 8000dbe:	430b      	orrs	r3, r1
 8000dc0:	6113      	str	r3, [r2, #16]
  tmpreg = (uint32_t)huart->Init.WordLength | huart->Init.Parity | huart->Init.Mode | huart->Init.OverSampling;
  MODIFY_REG(huart->Instance->CR1,
             (uint32_t)(USART_CR1_M | USART_CR1_PCE | USART_CR1_PS | USART_CR1_TE | USART_CR1_RE | USART_CR1_OVER8),
             tmpreg);
#else
  tmpreg = (uint32_t)huart->Init.WordLength | huart->Init.Parity | huart->Init.Mode;
 8000dc2:	6883      	ldr	r3, [r0, #8]
 8000dc4:	6902      	ldr	r2, [r0, #16]
 8000dc6:	4313      	orrs	r3, r2
 8000dc8:	6942      	ldr	r2, [r0, #20]
 8000dca:	431a      	orrs	r2, r3
  MODIFY_REG(huart->Instance->CR1,
 8000dcc:	6801      	ldr	r1, [r0, #0]
 8000dce:	68cb      	ldr	r3, [r1, #12]
 8000dd0:	f423 53b0 	bic.w	r3, r3, #5632	@ 0x1600
 8000dd4:	f023 030c 	bic.w	r3, r3, #12
 8000dd8:	4313      	orrs	r3, r2
 8000dda:	60cb      	str	r3, [r1, #12]
             tmpreg);
#endif /* USART_CR1_OVER8 */

  /*-------------------------- USART CR3 Configuration -----------------------*/
  /* Configure the UART HFC: Set CTSE and RTSE bits according to huart->Init.HwFlowCtl value */
  MODIFY_REG(huart->Instance->CR3, (USART_CR3_RTSE | USART_CR3_CTSE), huart->Init.HwFlowCtl);
 8000ddc:	6802      	ldr	r2, [r0, #0]
 8000dde:	6953      	ldr	r3, [r2, #20]
 8000de0:	f423 7340 	bic.w	r3, r3, #768	@ 0x300
 8000de4:	6981      	ldr	r1, [r0, #24]
 8000de6:	430b      	orrs	r3, r1
 8000de8:	6153      	str	r3, [r2, #20]


  if(huart->Instance == USART1)
 8000dea:	6802      	ldr	r2, [r0, #0]
 8000dec:	4b13      	ldr	r3, [pc, #76]	@ (8000e3c <UART_SetConfig+0x8c>)
 8000dee:	429a      	cmp	r2, r3
 8000df0:	d020      	beq.n	8000e34 <UART_SetConfig+0x84>
  {
    pclk = HAL_RCC_GetPCLK2Freq();
  }
  else
  {
    pclk = HAL_RCC_GetPCLK1Freq();
 8000df2:	f7ff ff5f 	bl	8000cb4 <HAL_RCC_GetPCLK1Freq>
 8000df6:	4602      	mov	r2, r0
  else
  {
    huart->Instance->BRR = UART_BRR_SAMPLING16(pclk, huart->Init.BaudRate);
  }
#else
  huart->Instance->BRR = UART_BRR_SAMPLING16(pclk, huart->Init.BaudRate);
 8000df8:	eb02 0282 	add.w	r2, r2, r2, lsl #2
 8000dfc:	eb02 0282 	add.w	r2, r2, r2, lsl #2
 8000e00:	6863      	ldr	r3, [r4, #4]
 8000e02:	009b      	lsls	r3, r3, #2
 8000e04:	fbb2 f2f3 	udiv	r2, r2, r3
 8000e08:	480d      	ldr	r0, [pc, #52]	@ (8000e40 <UART_SetConfig+0x90>)
 8000e0a:	fba0 3102 	umull	r3, r1, r0, r2
 8000e0e:	0949      	lsrs	r1, r1, #5
 8000e10:	2364      	movs	r3, #100	@ 0x64
 8000e12:	fb03 2311 	mls	r3, r3, r1, r2
 8000e16:	011b      	lsls	r3, r3, #4
 8000e18:	3332      	adds	r3, #50	@ 0x32
 8000e1a:	fba0 0303 	umull	r0, r3, r0, r3
 8000e1e:	095b      	lsrs	r3, r3, #5
 8000e20:	f003 02f0 	and.w	r2, r3, #240	@ 0xf0
 8000e24:	eb02 1201 	add.w	r2, r2, r1, lsl #4
 8000e28:	f003 030f 	and.w	r3, r3, #15
 8000e2c:	6821      	ldr	r1, [r4, #0]
 8000e2e:	4413      	add	r3, r2
 8000e30:	608b      	str	r3, [r1, #8]
#endif /* USART_CR1_OVER8 */
}
 8000e32:	bd10      	pop	{r4, pc}
    pclk = HAL_RCC_GetPCLK2Freq();
 8000e34:	f7ff ff4e 	bl	8000cd4 <HAL_RCC_GetPCLK2Freq>
 8000e38:	4602      	mov	r2, r0
 8000e3a:	e7dd      	b.n	8000df8 <UART_SetConfig+0x48>
 8000e3c:	40013800 	.word	0x40013800
 8000e40:	51eb851f 	.word	0x51eb851f

08000e44 <HAL_UART_Init>:
  if (huart == NULL)
 8000e44:	b360      	cbz	r0, 8000ea0 <HAL_UART_Init+0x5c>
{
 8000e46:	b510      	push	{r4, lr}
 8000e48:	4604      	mov	r4, r0
  if (huart->gState == HAL_UART_STATE_RESET)
 8000e4a:	f890 3041 	ldrb.w	r3, [r0, #65]	@ 0x41
 8000e4e:	b313      	cbz	r3, 8000e96 <HAL_UART_Init+0x52>
  huart->gState = HAL_UART_STATE_BUSY;
 8000e50:	2324      	movs	r3, #36	@ 0x24
 8000e52:	f884 3041 	strb.w	r3, [r4, #65]	@ 0x41
  __HAL_UART_DISABLE(huart);
 8000e56:	6822      	ldr	r2, [r4, #0]
 8000e58:	68d3      	ldr	r3, [r2, #12]
 8000e5a:	f423 5300 	bic.w	r3, r3, #8192	@ 0x2000
 8000e5e:	60d3      	str	r3, [r2, #12]
  UART_SetConfig(huart);
 8000e60:	4620      	mov	r0, r4
 8000e62:	f7ff ffa5 	bl	8000db0 <UART_SetConfig>
  CLEAR_BIT(huart->Instance->CR2, (USART_CR2_LINEN | USART_CR2_CLKEN));
 8000e66:	6822      	ldr	r2, [r4, #0]
 8000e68:	6913      	ldr	r3, [r2, #16]
 8000e6a:	f423 4390 	bic.w	r3, r3, #18432	@ 0x4800
 8000e6e:	6113      	str	r3, [r2, #16]
  CLEAR_BIT(huart->Instance->CR3, (USART_CR3_SCEN | USART_CR3_HDSEL | USART_CR3_IREN));
 8000e70:	6822      	ldr	r2, [r4, #0]
 8000e72:	6953      	ldr	r3, [r2, #20]
 8000e74:	f023 032a 	bic.w	r3, r3, #42	@ 0x2a
 8000e78:	6153      	str	r3, [r2, #20]
  __HAL_UART_ENABLE(huart);
 8000e7a:	6822      	ldr	r2, [r4, #0]
 8000e7c:	68d3      	ldr	r3, [r2, #12]
 8000e7e:	f443 5300 	orr.w	r3, r3, #8192	@ 0x2000
 8000e82:	60d3      	str	r3, [r2, #12]
  huart->ErrorCode = HAL_UART_ERROR_NONE;
 8000e84:	2000      	movs	r0, #0
 8000e86:	6460      	str	r0, [r4, #68]	@ 0x44
  huart->gState = HAL_UART_STATE_READY;
 8000e88:	2320      	movs	r3, #32
 8000e8a:	f884 3041 	strb.w	r3, [r4, #65]	@ 0x41
  huart->RxState = HAL_UART_STATE_READY;
 8000e8e:	f884 3042 	strb.w	r3, [r4, #66]	@ 0x42
  huart->RxEventType = HAL_UART_RXEVENT_TC;
 8000e92:	6360      	str	r0, [r4, #52]	@ 0x34
}
 8000e94:	bd10      	pop	{r4, pc}
    huart->Lock = HAL_UNLOCKED;
 8000e96:	f880 3040 	strb.w	r3, [r0, #64]	@ 0x40
    HAL_UART_MspInit(huart);
 8000e9a:	f000 fa01 	bl	80012a0 <HAL_UART_MspInit>
 8000e9e:	e7d7      	b.n	8000e50 <HAL_UART_Init+0xc>
    return HAL_ERROR;
 8000ea0:	2001      	movs	r0, #1
}
 8000ea2:	4770      	bx	lr

08000ea4 <HAL_UART_TxCpltCallback>:
}
 8000ea4:	4770      	bx	lr

08000ea6 <UART_EndTransmit_IT>:
{
 8000ea6:	b508      	push	{r3, lr}
  __HAL_UART_DISABLE_IT(huart, UART_IT_TC);
 8000ea8:	6801      	ldr	r1, [r0, #0]
 8000eaa:	68ca      	ldr	r2, [r1, #12]
 8000eac:	f022 0240 	bic.w	r2, r2, #64	@ 0x40
 8000eb0:	60ca      	str	r2, [r1, #12]
  huart->gState = HAL_UART_STATE_READY;
 8000eb2:	2220      	movs	r2, #32
 8000eb4:	f880 2041 	strb.w	r2, [r0, #65]	@ 0x41
  HAL_UART_TxCpltCallback(huart);
 8000eb8:	f7ff fff4 	bl	8000ea4 <HAL_UART_TxCpltCallback>
}
 8000ebc:	2000      	movs	r0, #0
 8000ebe:	bd08      	pop	{r3, pc}

08000ec0 <HAL_UART_RxCpltCallback>:
}
 8000ec0:	4770      	bx	lr

08000ec2 <HAL_UART_ErrorCallback>:
}
 8000ec2:	4770      	bx	lr

08000ec4 <UART_DMAAbortOnError>:
{
 8000ec4:	b508      	push	{r3, lr}
  UART_HandleTypeDef *huart = (UART_HandleTypeDef *)((DMA_HandleTypeDef *)hdma)->Parent;
 8000ec6:	6a40      	ldr	r0, [r0, #36]	@ 0x24
  huart->RxXferCount = 0x00U;
 8000ec8:	2300      	movs	r3, #0
 8000eca:	85c3      	strh	r3, [r0, #46]	@ 0x2e
  huart->TxXferCount = 0x00U;
 8000ecc:	84c3      	strh	r3, [r0, #38]	@ 0x26
  HAL_UART_ErrorCallback(huart);
 8000ece:	f7ff fff8 	bl	8000ec2 <HAL_UART_ErrorCallback>
}
 8000ed2:	bd08      	pop	{r3, pc}

08000ed4 <HAL_UARTEx_RxEventCallback>:
}
 8000ed4:	4770      	bx	lr

08000ed6 <UART_Receive_IT>:
  if (huart->RxState == HAL_UART_STATE_BUSY_RX)
 8000ed6:	f890 3042 	ldrb.w	r3, [r0, #66]	@ 0x42
 8000eda:	b2db      	uxtb	r3, r3
 8000edc:	2b22      	cmp	r3, #34	@ 0x22
 8000ede:	d169      	bne.n	8000fb4 <UART_Receive_IT+0xde>
    if ((huart->Init.WordLength == UART_WORDLENGTH_9B) && (huart->Init.Parity == UART_PARITY_NONE))
 8000ee0:	6883      	ldr	r3, [r0, #8]
 8000ee2:	f5b3 5f80 	cmp.w	r3, #4096	@ 0x1000
 8000ee6:	d04f      	beq.n	8000f88 <UART_Receive_IT+0xb2>
      pdata8bits = (uint8_t *) huart->pRxBuffPtr;
 8000ee8:	6a82      	ldr	r2, [r0, #40]	@ 0x28
      if ((huart->Init.WordLength == UART_WORDLENGTH_9B) || ((huart->Init.WordLength == UART_WORDLENGTH_8B) && (huart->Init.Parity == UART_PARITY_NONE)))
 8000eea:	f5b3 5f80 	cmp.w	r3, #4096	@ 0x1000
 8000eee:	d004      	beq.n	8000efa <UART_Receive_IT+0x24>
 8000ef0:	2b00      	cmp	r3, #0
 8000ef2:	d156      	bne.n	8000fa2 <UART_Receive_IT+0xcc>
 8000ef4:	6903      	ldr	r3, [r0, #16]
 8000ef6:	2b00      	cmp	r3, #0
 8000ef8:	d153      	bne.n	8000fa2 <UART_Receive_IT+0xcc>
        *pdata8bits = (uint8_t)(huart->Instance->DR & (uint8_t)0x00FF);
 8000efa:	6803      	ldr	r3, [r0, #0]
 8000efc:	685b      	ldr	r3, [r3, #4]
 8000efe:	7013      	strb	r3, [r2, #0]
      huart->pRxBuffPtr += 1U;
 8000f00:	6a83      	ldr	r3, [r0, #40]	@ 0x28
 8000f02:	3301      	adds	r3, #1
 8000f04:	6283      	str	r3, [r0, #40]	@ 0x28
    if (--huart->RxXferCount == 0U)
 8000f06:	8dc3      	ldrh	r3, [r0, #46]	@ 0x2e
 8000f08:	b29b      	uxth	r3, r3
 8000f0a:	3b01      	subs	r3, #1
 8000f0c:	b29b      	uxth	r3, r3
 8000f0e:	85c3      	strh	r3, [r0, #46]	@ 0x2e
 8000f10:	2b00      	cmp	r3, #0
 8000f12:	d151      	bne.n	8000fb8 <UART_Receive_IT+0xe2>
{
 8000f14:	b500      	push	{lr}
 8000f16:	b083      	sub	sp, #12
      __HAL_UART_DISABLE_IT(huart, UART_IT_RXNE);
 8000f18:	6802      	ldr	r2, [r0, #0]
 8000f1a:	68d3      	ldr	r3, [r2, #12]
 8000f1c:	f023 0320 	bic.w	r3, r3, #32
 8000f20:	60d3      	str	r3, [r2, #12]
      __HAL_UART_DISABLE_IT(huart, UART_IT_PE);
 8000f22:	6802      	ldr	r2, [r0, #0]
 8000f24:	68d3      	ldr	r3, [r2, #12]
 8000f26:	f423 7380 	bic.w	r3, r3, #256	@ 0x100
 8000f2a:	60d3      	str	r3, [r2, #12]
      __HAL_UART_DISABLE_IT(huart, UART_IT_ERR);
 8000f2c:	6802      	ldr	r2, [r0, #0]
 8000f2e:	6953      	ldr	r3, [r2, #20]
 8000f30:	f023 0301 	bic.w	r3, r3, #1
 8000f34:	6153      	str	r3, [r2, #20]
      huart->RxState = HAL_UART_STATE_READY;
 8000f36:	2320      	movs	r3, #32
 8000f38:	f880 3042 	strb.w	r3, [r0, #66]	@ 0x42
      huart->RxEventType = HAL_UART_RXEVENT_TC;
 8000f3c:	2300      	movs	r3, #0
 8000f3e:	6343      	str	r3, [r0, #52]	@ 0x34
      if (huart->ReceptionType == HAL_UART_RECEPTION_TOIDLE)
 8000f40:	6b03      	ldr	r3, [r0, #48]	@ 0x30
 8000f42:	2b01      	cmp	r3, #1
 8000f44:	d133      	bne.n	8000fae <UART_Receive_IT+0xd8>
        huart->ReceptionType = HAL_UART_RECEPTION_STANDARD;
 8000f46:	2300      	movs	r3, #0
 8000f48:	6303      	str	r3, [r0, #48]	@ 0x30
        ATOMIC_CLEAR_BIT(huart->Instance->CR1, USART_CR1_IDLEIE);
 8000f4a:	6802      	ldr	r2, [r0, #0]
   __ASM volatile ("ldrex %0, %1" : "=r" (result) : "Q" (*addr) );
 8000f4c:	f102 030c 	add.w	r3, r2, #12
 8000f50:	e853 3f00 	ldrex	r3, [r3]
 8000f54:	f023 0310 	bic.w	r3, r3, #16
   __ASM volatile ("strex %0, %2, %1" : "=&r" (result), "=Q" (*addr) : "r" (value) );
 8000f58:	320c      	adds	r2, #12
 8000f5a:	e842 3100 	strex	r1, r3, [r2]
 8000f5e:	2900      	cmp	r1, #0
 8000f60:	d1f3      	bne.n	8000f4a <UART_Receive_IT+0x74>
        if (__HAL_UART_GET_FLAG(huart, UART_FLAG_IDLE))
 8000f62:	6803      	ldr	r3, [r0, #0]
 8000f64:	681a      	ldr	r2, [r3, #0]
 8000f66:	f012 0f10 	tst.w	r2, #16
 8000f6a:	d006      	beq.n	8000f7a <UART_Receive_IT+0xa4>
          __HAL_UART_CLEAR_IDLEFLAG(huart);
 8000f6c:	2200      	movs	r2, #0
 8000f6e:	9201      	str	r2, [sp, #4]
 8000f70:	681a      	ldr	r2, [r3, #0]
 8000f72:	9201      	str	r2, [sp, #4]
 8000f74:	685b      	ldr	r3, [r3, #4]
 8000f76:	9301      	str	r3, [sp, #4]
 8000f78:	9b01      	ldr	r3, [sp, #4]
        HAL_UARTEx_RxEventCallback(huart, huart->RxXferSize);
 8000f7a:	8d81      	ldrh	r1, [r0, #44]	@ 0x2c
 8000f7c:	f7ff ffaa 	bl	8000ed4 <HAL_UARTEx_RxEventCallback>
      return HAL_OK;
 8000f80:	2000      	movs	r0, #0
}
 8000f82:	b003      	add	sp, #12
 8000f84:	f85d fb04 	ldr.w	pc, [sp], #4
    if ((huart->Init.WordLength == UART_WORDLENGTH_9B) && (huart->Init.Parity == UART_PARITY_NONE))
 8000f88:	6902      	ldr	r2, [r0, #16]
 8000f8a:	2a00      	cmp	r2, #0
 8000f8c:	d1ac      	bne.n	8000ee8 <UART_Receive_IT+0x12>
      pdata16bits = (uint16_t *) huart->pRxBuffPtr;
 8000f8e:	6a82      	ldr	r2, [r0, #40]	@ 0x28
      *pdata16bits = (uint16_t)(huart->Instance->DR & (uint16_t)0x01FF);
 8000f90:	6803      	ldr	r3, [r0, #0]
 8000f92:	685b      	ldr	r3, [r3, #4]
 8000f94:	f3c3 0308 	ubfx	r3, r3, #0, #9
 8000f98:	8013      	strh	r3, [r2, #0]
      huart->pRxBuffPtr += 2U;
 8000f9a:	6a83      	ldr	r3, [r0, #40]	@ 0x28
 8000f9c:	3302      	adds	r3, #2
 8000f9e:	6283      	str	r3, [r0, #40]	@ 0x28
 8000fa0:	e7b1      	b.n	8000f06 <UART_Receive_IT+0x30>
        *pdata8bits = (uint8_t)(huart->Instance->DR & (uint8_t)0x007F);
 8000fa2:	6803      	ldr	r3, [r0, #0]
 8000fa4:	685b      	ldr	r3, [r3, #4]
 8000fa6:	f003 037f 	and.w	r3, r3, #127	@ 0x7f
 8000faa:	7013      	strb	r3, [r2, #0]
 8000fac:	e7a8      	b.n	8000f00 <UART_Receive_IT+0x2a>
        HAL_UART_RxCpltCallback(huart);
 8000fae:	f7ff ff87 	bl	8000ec0 <HAL_UART_RxCpltCallback>
 8000fb2:	e7e5      	b.n	8000f80 <UART_Receive_IT+0xaa>
    return HAL_BUSY;
 8000fb4:	2002      	movs	r0, #2
 8000fb6:	4770      	bx	lr
    return HAL_OK;
 8000fb8:	2000      	movs	r0, #0
}
 8000fba:	4770      	bx	lr

08000fbc <HAL_UART_IRQHandler>:
{
 8000fbc:	b510      	push	{r4, lr}
 8000fbe:	b082      	sub	sp, #8
 8000fc0:	4604      	mov	r4, r0
  uint32_t isrflags   = READ_REG(huart->Instance->SR);
 8000fc2:	6802      	ldr	r2, [r0, #0]
 8000fc4:	6813      	ldr	r3, [r2, #0]
  uint32_t cr1its     = READ_REG(huart->Instance->CR1);
 8000fc6:	68d0      	ldr	r0, [r2, #12]
  uint32_t cr3its     = READ_REG(huart->Instance->CR3);
 8000fc8:	6951      	ldr	r1, [r2, #20]
  if (errorflags == RESET)
 8000fca:	f013 0f0f 	tst.w	r3, #15
 8000fce:	d109      	bne.n	8000fe4 <HAL_UART_IRQHandler+0x28>
    if (((isrflags & USART_SR_RXNE) != RESET) && ((cr1its & USART_CR1_RXNEIE) != RESET))
 8000fd0:	f013 0f20 	tst.w	r3, #32
 8000fd4:	d00c      	beq.n	8000ff0 <HAL_UART_IRQHandler+0x34>
 8000fd6:	f010 0f20 	tst.w	r0, #32
 8000fda:	d009      	beq.n	8000ff0 <HAL_UART_IRQHandler+0x34>
      UART_Receive_IT(huart);
 8000fdc:	4620      	mov	r0, r4
 8000fde:	f7ff ff7a 	bl	8000ed6 <UART_Receive_IT>
      return;
 8000fe2:	e016      	b.n	8001012 <HAL_UART_IRQHandler+0x56>
  if ((errorflags != RESET) && (((cr3its & USART_CR3_EIE) != RESET)
 8000fe4:	f011 0101 	ands.w	r1, r1, #1
 8000fe8:	d115      	bne.n	8001016 <HAL_UART_IRQHandler+0x5a>
                                || ((cr1its & (USART_CR1_RXNEIE | USART_CR1_PEIE)) != RESET)))
 8000fea:	f410 7f90 	tst.w	r0, #288	@ 0x120
 8000fee:	d112      	bne.n	8001016 <HAL_UART_IRQHandler+0x5a>
  if ((huart->ReceptionType == HAL_UART_RECEPTION_TOIDLE)
 8000ff0:	6b21      	ldr	r1, [r4, #48]	@ 0x30
 8000ff2:	2901      	cmp	r1, #1
 8000ff4:	d079      	beq.n	80010ea <HAL_UART_IRQHandler+0x12e>
  if (((isrflags & USART_SR_TXE) != RESET) && ((cr1its & USART_CR1_TXEIE) != RESET))
 8000ff6:	f013 0f80 	tst.w	r3, #128	@ 0x80
 8000ffa:	d003      	beq.n	8001004 <HAL_UART_IRQHandler+0x48>
 8000ffc:	f010 0f80 	tst.w	r0, #128	@ 0x80
 8001000:	f040 8113 	bne.w	800122a <HAL_UART_IRQHandler+0x26e>
  if (((isrflags & USART_SR_TC) != RESET) && ((cr1its & USART_CR1_TCIE) != RESET))
 8001004:	f013 0f40 	tst.w	r3, #64	@ 0x40
 8001008:	d003      	beq.n	8001012 <HAL_UART_IRQHandler+0x56>
 800100a:	f010 0f40 	tst.w	r0, #64	@ 0x40
 800100e:	f040 8110 	bne.w	8001232 <HAL_UART_IRQHandler+0x276>
}
 8001012:	b002      	add	sp, #8
 8001014:	bd10      	pop	{r4, pc}
    if (((isrflags & USART_SR_PE) != RESET) && ((cr1its & USART_CR1_PEIE) != RESET))
 8001016:	f013 0f01 	tst.w	r3, #1
 800101a:	d006      	beq.n	800102a <HAL_UART_IRQHandler+0x6e>
 800101c:	f410 7f80 	tst.w	r0, #256	@ 0x100
 8001020:	d003      	beq.n	800102a <HAL_UART_IRQHandler+0x6e>
      huart->ErrorCode |= HAL_UART_ERROR_PE;
 8001022:	6c62      	ldr	r2, [r4, #68]	@ 0x44
 8001024:	f042 0201 	orr.w	r2, r2, #1
 8001028:	6462      	str	r2, [r4, #68]	@ 0x44
    if (((isrflags & USART_SR_NE) != RESET) && ((cr3its & USART_CR3_EIE) != RESET))
 800102a:	f013 0f04 	tst.w	r3, #4
 800102e:	d004      	beq.n	800103a <HAL_UART_IRQHandler+0x7e>
 8001030:	b119      	cbz	r1, 800103a <HAL_UART_IRQHandler+0x7e>
      huart->ErrorCode |= HAL_UART_ERROR_NE;
 8001032:	6c62      	ldr	r2, [r4, #68]	@ 0x44
 8001034:	f042 0202 	orr.w	r2, r2, #2
 8001038:	6462      	str	r2, [r4, #68]	@ 0x44
    if (((isrflags & USART_SR_FE) != RESET) && ((cr3its & USART_CR3_EIE) != RESET))
 800103a:	f013 0f02 	tst.w	r3, #2
 800103e:	d004      	beq.n	800104a <HAL_UART_IRQHandler+0x8e>
 8001040:	b119      	cbz	r1, 800104a <HAL_UART_IRQHandler+0x8e>
      huart->ErrorCode |= HAL_UART_ERROR_FE;
 8001042:	6c62      	ldr	r2, [r4, #68]	@ 0x44
 8001044:	f042 0204 	orr.w	r2, r2, #4
 8001048:	6462      	str	r2, [r4, #68]	@ 0x44
    if (((isrflags & USART_SR_ORE) != RESET) && (((cr1its & USART_CR1_RXNEIE) != RESET)
 800104a:	f013 0f08 	tst.w	r3, #8
 800104e:	d007      	beq.n	8001060 <HAL_UART_IRQHandler+0xa4>
 8001050:	f010 0f20 	tst.w	r0, #32
 8001054:	d100      	bne.n	8001058 <HAL_UART_IRQHandler+0x9c>
                                                 || ((cr3its & USART_CR3_EIE) != RESET)))
 8001056:	b119      	cbz	r1, 8001060 <HAL_UART_IRQHandler+0xa4>
      huart->ErrorCode |= HAL_UART_ERROR_ORE;
 8001058:	6c62      	ldr	r2, [r4, #68]	@ 0x44
 800105a:	f042 0208 	orr.w	r2, r2, #8
 800105e:	6462      	str	r2, [r4, #68]	@ 0x44
    if (huart->ErrorCode != HAL_UART_ERROR_NONE)
 8001060:	6c62      	ldr	r2, [r4, #68]	@ 0x44
 8001062:	2a00      	cmp	r2, #0
 8001064:	d0d5      	beq.n	8001012 <HAL_UART_IRQHandler+0x56>
      if (((isrflags & USART_SR_RXNE) != RESET) && ((cr1its & USART_CR1_RXNEIE) != RESET))
 8001066:	f013 0f20 	tst.w	r3, #32
 800106a:	d002      	beq.n	8001072 <HAL_UART_IRQHandler+0xb6>
 800106c:	f010 0f20 	tst.w	r0, #32
 8001070:	d129      	bne.n	80010c6 <HAL_UART_IRQHandler+0x10a>
      dmarequest = HAL_IS_BIT_SET(huart->Instance->CR3, USART_CR3_DMAR);
 8001072:	6823      	ldr	r3, [r4, #0]
 8001074:	695b      	ldr	r3, [r3, #20]
 8001076:	f003 0340 	and.w	r3, r3, #64	@ 0x40
      if (((huart->ErrorCode & HAL_UART_ERROR_ORE) != RESET) || dmarequest)
 800107a:	6c62      	ldr	r2, [r4, #68]	@ 0x44
 800107c:	f012 0f08 	tst.w	r2, #8
 8001080:	d100      	bne.n	8001084 <HAL_UART_IRQHandler+0xc8>
 8001082:	b363      	cbz	r3, 80010de <HAL_UART_IRQHandler+0x122>
        UART_EndRxTransfer(huart);
 8001084:	4620      	mov	r0, r4
 8001086:	f7ff fe35 	bl	8000cf4 <UART_EndRxTransfer>
        if (HAL_IS_BIT_SET(huart->Instance->CR3, USART_CR3_DMAR))
 800108a:	6823      	ldr	r3, [r4, #0]
 800108c:	695b      	ldr	r3, [r3, #20]
 800108e:	f013 0f40 	tst.w	r3, #64	@ 0x40
 8001092:	d020      	beq.n	80010d6 <HAL_UART_IRQHandler+0x11a>
          ATOMIC_CLEAR_BIT(huart->Instance->CR3, USART_CR3_DMAR);
 8001094:	6822      	ldr	r2, [r4, #0]
   __ASM volatile ("ldrex %0, %1" : "=r" (result) : "Q" (*addr) );
 8001096:	f102 0314 	add.w	r3, r2, #20
 800109a:	e853 3f00 	ldrex	r3, [r3]
 800109e:	f023 0340 	bic.w	r3, r3, #64	@ 0x40
   __ASM volatile ("strex %0, %2, %1" : "=&r" (result), "=Q" (*addr) : "r" (value) );
 80010a2:	3214      	adds	r2, #20
 80010a4:	e842 3100 	strex	r1, r3, [r2]
 80010a8:	2900      	cmp	r1, #0
 80010aa:	d1f3      	bne.n	8001094 <HAL_UART_IRQHandler+0xd8>
          if (huart->hdmarx != NULL)
 80010ac:	6be3      	ldr	r3, [r4, #60]	@ 0x3c
 80010ae:	b173      	cbz	r3, 80010ce <HAL_UART_IRQHandler+0x112>
            huart->hdmarx->XferAbortCallback = UART_DMAAbortOnError;
 80010b0:	4a62      	ldr	r2, [pc, #392]	@ (800123c <HAL_UART_IRQHandler+0x280>)
 80010b2:	635a      	str	r2, [r3, #52]	@ 0x34
            if (HAL_DMA_Abort_IT(huart->hdmarx) != HAL_OK)
 80010b4:	6be0      	ldr	r0, [r4, #60]	@ 0x3c
 80010b6:	f7ff f97d 	bl	80003b4 <HAL_DMA_Abort_IT>
 80010ba:	2800      	cmp	r0, #0
 80010bc:	d0a9      	beq.n	8001012 <HAL_UART_IRQHandler+0x56>
              huart->hdmarx->XferAbortCallback(huart->hdmarx);
 80010be:	6be0      	ldr	r0, [r4, #60]	@ 0x3c
 80010c0:	6b43      	ldr	r3, [r0, #52]	@ 0x34
 80010c2:	4798      	blx	r3
 80010c4:	e7a5      	b.n	8001012 <HAL_UART_IRQHandler+0x56>
        UART_Receive_IT(huart);
 80010c6:	4620      	mov	r0, r4
 80010c8:	f7ff ff05 	bl	8000ed6 <UART_Receive_IT>
 80010cc:	e7d1      	b.n	8001072 <HAL_UART_IRQHandler+0xb6>
            HAL_UART_ErrorCallback(huart);
 80010ce:	4620      	mov	r0, r4
 80010d0:	f7ff fef7 	bl	8000ec2 <HAL_UART_ErrorCallback>
 80010d4:	e79d      	b.n	8001012 <HAL_UART_IRQHandler+0x56>
          HAL_UART_ErrorCallback(huart);
 80010d6:	4620      	mov	r0, r4
 80010d8:	f7ff fef3 	bl	8000ec2 <HAL_UART_ErrorCallback>
 80010dc:	e799      	b.n	8001012 <HAL_UART_IRQHandler+0x56>
        HAL_UART_ErrorCallback(huart);
 80010de:	4620      	mov	r0, r4
 80010e0:	f7ff feef 	bl	8000ec2 <HAL_UART_ErrorCallback>
        huart->ErrorCode = HAL_UART_ERROR_NONE;
 80010e4:	2300      	movs	r3, #0
 80010e6:	6463      	str	r3, [r4, #68]	@ 0x44
    return;
 80010e8:	e793      	b.n	8001012 <HAL_UART_IRQHandler+0x56>
      && ((isrflags & USART_SR_IDLE) != 0U)
 80010ea:	f013 0f10 	tst.w	r3, #16
 80010ee:	d082      	beq.n	8000ff6 <HAL_UART_IRQHandler+0x3a>
      && ((cr1its & USART_SR_IDLE) != 0U))
 80010f0:	f010 0f10 	tst.w	r0, #16
 80010f4:	f43f af7f 	beq.w	8000ff6 <HAL_UART_IRQHandler+0x3a>
    __HAL_UART_CLEAR_IDLEFLAG(huart);
 80010f8:	2300      	movs	r3, #0
 80010fa:	9301      	str	r3, [sp, #4]
 80010fc:	6813      	ldr	r3, [r2, #0]
 80010fe:	9301      	str	r3, [sp, #4]
 8001100:	6853      	ldr	r3, [r2, #4]
 8001102:	9301      	str	r3, [sp, #4]
 8001104:	9b01      	ldr	r3, [sp, #4]
    if (HAL_IS_BIT_SET(huart->Instance->CR3, USART_CR3_DMAR))
 8001106:	6953      	ldr	r3, [r2, #20]
 8001108:	f013 0f40 	tst.w	r3, #64	@ 0x40
 800110c:	d051      	beq.n	80011b2 <HAL_UART_IRQHandler+0x1f6>
      uint16_t nb_remaining_rx_data = (uint16_t) __HAL_DMA_GET_COUNTER(huart->hdmarx);
 800110e:	6be2      	ldr	r2, [r4, #60]	@ 0x3c
 8001110:	6813      	ldr	r3, [r2, #0]
 8001112:	685b      	ldr	r3, [r3, #4]
 8001114:	b29b      	uxth	r3, r3
      if ((nb_remaining_rx_data > 0U)
 8001116:	2b00      	cmp	r3, #0
 8001118:	f43f af7b 	beq.w	8001012 <HAL_UART_IRQHandler+0x56>
          && (nb_remaining_rx_data < huart->RxXferSize))
 800111c:	8da1      	ldrh	r1, [r4, #44]	@ 0x2c
 800111e:	4299      	cmp	r1, r3
 8001120:	f67f af77 	bls.w	8001012 <HAL_UART_IRQHandler+0x56>
        huart->RxXferCount = nb_remaining_rx_data;
 8001124:	85e3      	strh	r3, [r4, #46]	@ 0x2e
        if (huart->hdmarx->Init.Mode != DMA_CIRCULAR)
 8001126:	6993      	ldr	r3, [r2, #24]
 8001128:	2b20      	cmp	r3, #32
 800112a:	d037      	beq.n	800119c <HAL_UART_IRQHandler+0x1e0>
          ATOMIC_CLEAR_BIT(huart->Instance->CR1, USART_CR1_PEIE);
 800112c:	6822      	ldr	r2, [r4, #0]
   __ASM volatile ("ldrex %0, %1" : "=r" (result) : "Q" (*addr) );
 800112e:	f102 030c 	add.w	r3, r2, #12
 8001132:	e853 3f00 	ldrex	r3, [r3]
 8001136:	f423 7380 	bic.w	r3, r3, #256	@ 0x100
   __ASM volatile ("strex %0, %2, %1" : "=&r" (result), "=Q" (*addr) : "r" (value) );
 800113a:	320c      	adds	r2, #12
 800113c:	e842 3100 	strex	r1, r3, [r2]
 8001140:	2900      	cmp	r1, #0
 8001142:	d1f3      	bne.n	800112c <HAL_UART_IRQHandler+0x170>
          ATOMIC_CLEAR_BIT(huart->Instance->CR3, USART_CR3_EIE);
 8001144:	6822      	ldr	r2, [r4, #0]
   __ASM volatile ("ldrex %0, %1" : "=r" (result) : "Q" (*addr) );
 8001146:	f102 0314 	add.w	r3, r2, #20
 800114a:	e853 3f00 	ldrex	r3, [r3]
 800114e:	f023 0301 	bic.w	r3, r3, #1
   __ASM volatile ("strex %0, %2, %1" : "=&r" (result), "=Q" (*addr) : "r" (value) );
 8001152:	3214      	adds	r2, #20
 8001154:	e842 3100 	strex	r1, r3, [r2]
 8001158:	2900      	cmp	r1, #0
 800115a:	d1f3      	bne.n	8001144 <HAL_UART_IRQHandler+0x188>
          ATOMIC_CLEAR_BIT(huart->Instance->CR3, USART_CR3_DMAR);
 800115c:	6822      	ldr	r2, [r4, #0]
   __ASM volatile ("ldrex %0, %1" : "=r" (result) : "Q" (*addr) );
 800115e:	f102 0314 	add.w	r3, r2, #20
 8001162:	e853 3f00 	ldrex	r3, [r3]
 8001166:	f023 0340 	bic.w	r3, r3, #64	@ 0x40
   __ASM volatile ("strex %0, %2, %1" : "=&r" (result), "=Q" (*addr) : "r" (value) );
 800116a:	3214      	adds	r2, #20
 800116c:	e842 3100 	strex	r1, r3, [r2]
 8001170:	2900      	cmp	r1, #0
 8001172:	d1f3      	bne.n	800115c <HAL_UART_IRQHandler+0x1a0>
          huart->RxState = HAL_UART_STATE_READY;
 8001174:	2320      	movs	r3, #32
 8001176:	f884 3042 	strb.w	r3, [r4, #66]	@ 0x42
          huart->ReceptionType = HAL_UART_RECEPTION_STANDARD;
 800117a:	2300      	movs	r3, #0
 800117c:	6323      	str	r3, [r4, #48]	@ 0x30
          ATOMIC_CLEAR_BIT(huart->Instance->CR1, USART_CR1_IDLEIE);
 800117e:	6822      	ldr	r2, [r4, #0]
   __ASM volatile ("ldrex %0, %1" : "=r" (result) : "Q" (*addr) );
 8001180:	f102 030c 	add.w	r3, r2, #12
 8001184:	e853 3f00 	ldrex	r3, [r3]
 8001188:	f023 0310 	bic.w	r3, r3, #16
   __ASM volatile ("strex %0, %2, %1" : "=&r" (result), "=Q" (*addr) : "r" (value) );
 800118c:	320c      	adds	r2, #12
 800118e:	e842 3100 	strex	r1, r3, [r2]
 8001192:	2900      	cmp	r1, #0
 8001194:	d1f3      	bne.n	800117e <HAL_UART_IRQHandler+0x1c2>
          (void)HAL_DMA_Abort(huart->hdmarx);
 8001196:	6be0      	ldr	r0, [r4, #60]	@ 0x3c
 8001198:	f7ff f8e8 	bl	800036c <HAL_DMA_Abort>
        huart->RxEventType = HAL_UART_RXEVENT_IDLE;
 800119c:	2302      	movs	r3, #2
 800119e:	6363      	str	r3, [r4, #52]	@ 0x34
        HAL_UARTEx_RxEventCallback(huart, (huart->RxXferSize - huart->RxXferCount));
 80011a0:	8da1      	ldrh	r1, [r4, #44]	@ 0x2c
 80011a2:	8de3      	ldrh	r3, [r4, #46]	@ 0x2e
 80011a4:	b29b      	uxth	r3, r3
 80011a6:	1ac9      	subs	r1, r1, r3
 80011a8:	b289      	uxth	r1, r1
 80011aa:	4620      	mov	r0, r4
 80011ac:	f7ff fe92 	bl	8000ed4 <HAL_UARTEx_RxEventCallback>
      return;
 80011b0:	e72f      	b.n	8001012 <HAL_UART_IRQHandler+0x56>
      uint16_t nb_rx_data = huart->RxXferSize - huart->RxXferCount;
 80011b2:	8da1      	ldrh	r1, [r4, #44]	@ 0x2c
 80011b4:	8de3      	ldrh	r3, [r4, #46]	@ 0x2e
 80011b6:	b29b      	uxth	r3, r3
 80011b8:	1ac9      	subs	r1, r1, r3
 80011ba:	b289      	uxth	r1, r1
      if ((huart->RxXferCount > 0U)
 80011bc:	8de3      	ldrh	r3, [r4, #46]	@ 0x2e
 80011be:	b29b      	uxth	r3, r3
 80011c0:	2b00      	cmp	r3, #0
 80011c2:	f43f af26 	beq.w	8001012 <HAL_UART_IRQHandler+0x56>
          && (nb_rx_data > 0U))
 80011c6:	2900      	cmp	r1, #0
 80011c8:	f43f af23 	beq.w	8001012 <HAL_UART_IRQHandler+0x56>
        ATOMIC_CLEAR_BIT(huart->Instance->CR1, (USART_CR1_RXNEIE | USART_CR1_PEIE));
 80011cc:	6822      	ldr	r2, [r4, #0]
   __ASM volatile ("ldrex %0, %1" : "=r" (result) : "Q" (*addr) );
 80011ce:	f102 030c 	add.w	r3, r2, #12
 80011d2:	e853 3f00 	ldrex	r3, [r3]
 80011d6:	f423 7390 	bic.w	r3, r3, #288	@ 0x120
   __ASM volatile ("strex %0, %2, %1" : "=&r" (result), "=Q" (*addr) : "r" (value) );
 80011da:	320c      	adds	r2, #12
 80011dc:	e842 3000 	strex	r0, r3, [r2]
 80011e0:	2800      	cmp	r0, #0
 80011e2:	d1f3      	bne.n	80011cc <HAL_UART_IRQHandler+0x210>
        ATOMIC_CLEAR_BIT(huart->Instance->CR3, USART_CR3_EIE);
 80011e4:	6822      	ldr	r2, [r4, #0]
   __ASM volatile ("ldrex %0, %1" : "=r" (result) : "Q" (*addr) );
 80011e6:	f102 0314 	add.w	r3, r2, #20
 80011ea:	e853 3f00 	ldrex	r3, [r3]
 80011ee:	f023 0301 	bic.w	r3, r3, #1
   __ASM volatile ("strex %0, %2, %1" : "=&r" (result), "=Q" (*addr) : "r" (value) );
 80011f2:	3214      	adds	r2, #20
 80011f4:	e842 3000 	strex	r0, r3, [r2]
 80011f8:	2800      	cmp	r0, #0
 80011fa:	d1f3      	bne.n	80011e4 <HAL_UART_IRQHandler+0x228>
        huart->RxState = HAL_UART_STATE_READY;
 80011fc:	2320      	movs	r3, #32
 80011fe:	f884 3042 	strb.w	r3, [r4, #66]	@ 0x42
        huart->ReceptionType = HAL_UART_RECEPTION_STANDARD;
 8001202:	2300      	movs	r3, #0
 8001204:	6323      	str	r3, [r4, #48]	@ 0x30
        ATOMIC_CLEAR_BIT(huart->Instance->CR1, USART_CR1_IDLEIE);
 8001206:	6822      	ldr	r2, [r4, #0]
   __ASM volatile ("ldrex %0, %1" : "=r" (result) : "Q" (*addr) );
 8001208:	f102 030c 	add.w	r3, r2, #12
 800120c:	e853 3f00 	ldrex	r3, [r3]
 8001210:	f023 0310 	bic.w	r3, r3, #16
   __ASM volatile ("strex %0, %2, %1" : "=&r" (result), "=Q" (*addr) : "r" (value) );
 8001214:	320c      	adds	r2, #12
 8001216:	e842 3000 	strex	r0, r3, [r2]
 800121a:	2800      	cmp	r0, #0
 800121c:	d1f3      	bne.n	8001206 <HAL_UART_IRQHandler+0x24a>
        huart->RxEventType = HAL_UART_RXEVENT_IDLE;
 800121e:	2302      	movs	r3, #2
 8001220:	6363      	str	r3, [r4, #52]	@ 0x34
        HAL_UARTEx_RxEventCallback(huart, nb_rx_data);
 8001222:	4620      	mov	r0, r4
 8001224:	f7ff fe56 	bl	8000ed4 <HAL_UARTEx_RxEventCallback>
      return;
 8001228:	e6f3      	b.n	8001012 <HAL_UART_IRQHandler+0x56>
    UART_Transmit_IT(huart);
 800122a:	4620      	mov	r0, r4
 800122c:	f7ff fd90 	bl	8000d50 <UART_Transmit_IT>
    return;
 8001230:	e6ef      	b.n	8001012 <HAL_UART_IRQHandler+0x56>
    UART_EndTransmit_IT(huart);
 8001232:	4620      	mov	r0, r4
 8001234:	f7ff fe37 	bl	8000ea6 <UART_EndTransmit_IT>
    return;
 8001238:	e6eb      	b.n	8001012 <HAL_UART_IRQHandler+0x56>
 800123a:	bf00      	nop
 800123c:	08000ec5 	.word	0x08000ec5

08001240 <NMI_Handler>:
{
  /* USER CODE BEGIN NonMaskableInt_IRQn 0 */

  /* USER CODE END NonMaskableInt_IRQn 0 */
  /* USER CODE BEGIN NonMaskableInt_IRQn 1 */
   while (1)
 8001240:	e7fe      	b.n	8001240 <NMI_Handler>

08001242 <HardFault_Handler>:
void HardFault_Handler(void)
{
  /* USER CODE BEGIN HardFault_IRQn 0 */

  /* USER CODE END HardFault_IRQn 0 */
  while (1)
 8001242:	e7fe      	b.n	8001242 <HardFault_Handler>

08001244 <MemManage_Handler>:
void MemManage_Handler(void)
{
  /* USER CODE BEGIN MemoryManagement_IRQn 0 */

  /* USER CODE END MemoryManagement_IRQn 0 */
  while (1)
 8001244:	e7fe      	b.n	8001244 <MemManage_Handler>

08001246 <BusFault_Handler>:
void BusFault_Handler(void)
{
  /* USER CODE BEGIN BusFault_IRQn 0 */

  /* USER CODE END BusFault_IRQn 0 */
  while (1)
 8001246:	e7fe      	b.n	8001246 <BusFault_Handler>

08001248 <UsageFault_Handler>:
void UsageFault_Handler(void)
{
  /* USER CODE BEGIN UsageFault_IRQn 0 */

  /* USER CODE END UsageFault_IRQn 0 */
  while (1)
 8001248:	e7fe      	b.n	8001248 <UsageFault_Handler>

0800124a <SVC_Handler>:

  /* USER CODE END SVCall_IRQn 0 */
  /* USER CODE BEGIN SVCall_IRQn 1 */

  /* USER CODE END SVCall_IRQn 1 */
}
 800124a:	4770      	bx	lr

0800124c <DebugMon_Handler>:

  /* USER CODE END DebugMonitor_IRQn 0 */
  /* USER CODE BEGIN DebugMonitor_IRQn 1 */

  /* USER CODE END DebugMonitor_IRQn 1 */
}
 800124c:	4770      	bx	lr

0800124e <PendSV_Handler>:

  /* USER CODE END PendSV_IRQn 0 */
  /* USER CODE BEGIN PendSV_IRQn 1 */

  /* USER CODE END PendSV_IRQn 1 */
}
 800124e:	4770      	bx	lr

08001250 <SysTick_Handler>:

/**
  * @brief This function handles System tick timer.
  */
void SysTick_Handler(void)
{
 8001250:	b508      	push	{r3, lr}
  /* USER CODE BEGIN SysTick_IRQn 0 */

  /* USER CODE END SysTick_IRQn 0 */
  HAL_IncTick();
 8001252:	f7ff f801 	bl	8000258 <HAL_IncTick>
  /* USER CODE BEGIN SysTick_IRQn 1 */

  /* USER CODE END SysTick_IRQn 1 */
}
 8001256:	bd08      	pop	{r3, pc}

08001258 <USART2_IRQHandler>:

/**
  * @brief This function handles USART2 global interrupt.
  */
void USART2_IRQHandler(void)
{
 8001258:	b508      	push	{r3, lr}
  /* USER CODE BEGIN USART2_IRQn 0 */

  /* USER CODE END USART2_IRQn 0 */
  HAL_UART_IRQHandler(&huart2);
 800125a:	4802      	ldr	r0, [pc, #8]	@ (8001264 <USART2_IRQHandler+0xc>)
 800125c:	f7ff feae 	bl	8000fbc <HAL_UART_IRQHandler>
  /* USER CODE BEGIN USART2_IRQn 1 */

  /* USER CODE END USART2_IRQn 1 */
}
 8001260:	bd08      	pop	{r3, pc}
 8001262:	bf00      	nop
 8001264:	2000002c 	.word	0x2000002c

08001268 <SystemInit>:

  /* Configure the Vector Table location -------------------------------------*/
#if defined(USER_VECT_TAB_ADDRESS)
  SCB->VTOR = VECT_TAB_BASE_ADDRESS | VECT_TAB_OFFSET; /* Vector Table Relocation in Internal SRAM. */
#endif /* USER_VECT_TAB_ADDRESS */
}
 8001268:	4770      	bx	lr
	...

0800126c <MX_USART2_UART_Init>:
UART_HandleTypeDef huart2;

/* USART2 init function */

void MX_USART2_UART_Init(void)
{
 800126c:	b508      	push	{r3, lr}
  /* USER CODE END USART2_Init 0 */

  /* USER CODE BEGIN USART2_Init 1 */

  /* USER CODE END USART2_Init 1 */
  huart2.Instance = USART2;
 800126e:	480a      	ldr	r0, [pc, #40]	@ (8001298 <MX_USART2_UART_Init+0x2c>)
 8001270:	4b0a      	ldr	r3, [pc, #40]	@ (800129c <MX_USART2_UART_Init+0x30>)
 8001272:	6003      	str	r3, [r0, #0]
  huart2.Init.BaudRate = 115200;
 8001274:	f44f 33e1 	mov.w	r3, #115200	@ 0x1c200
 8001278:	6043      	str	r3, [r0, #4]
  huart2.Init.WordLength = UART_WORDLENGTH_8B;
 800127a:	2300      	movs	r3, #0
 800127c:	6083      	str	r3, [r0, #8]
  huart2.Init.StopBits = UART_STOPBITS_1;
 800127e:	60c3      	str	r3, [r0, #12]
  huart2.Init.Parity = UART_PARITY_NONE;
 8001280:	6103      	str	r3, [r0, #16]
  huart2.Init.Mode = UART_MODE_TX_RX;
 8001282:	220c      	movs	r2, #12
 8001284:	6142      	str	r2, [r0, #20]
  huart2.Init.HwFlowCtl = UART_HWCONTROL_NONE;
 8001286:	6183      	str	r3, [r0, #24]
  huart2.Init.OverSampling = UART_OVERSAMPLING_16;
 8001288:	61c3      	str	r3, [r0, #28]
  if (HAL_UART_Init(&huart2) != HAL_OK)
 800128a:	f7ff fddb 	bl	8000e44 <HAL_UART_Init>
 800128e:	b900      	cbnz	r0, 8001292 <MX_USART2_UART_Init+0x26>
  }
  /* USER CODE BEGIN USART2_Init 2 */

  /* USER CODE END USART2_Init 2 */

}
 8001290:	bd08      	pop	{r3, pc}
    Error_Handler();
 8001292:	f7fe ff73 	bl	800017c <Error_Handler>
}
 8001296:	e7fb      	b.n	8001290 <MX_USART2_UART_Init+0x24>
 8001298:	2000002c 	.word	0x2000002c
 800129c:	40004400 	.word	0x40004400

080012a0 <HAL_UART_MspInit>:

void HAL_UART_MspInit(UART_HandleTypeDef* uartHandle)
{
 80012a0:	b570      	push	{r4, r5, r6, lr}
 80012a2:	b086      	sub	sp, #24

  GPIO_InitTypeDef GPIO_InitStruct = {0};
 80012a4:	2300      	movs	r3, #0
 80012a6:	9302      	str	r3, [sp, #8]
 80012a8:	9303      	str	r3, [sp, #12]
 80012aa:	9304      	str	r3, [sp, #16]
 80012ac:	9305      	str	r3, [sp, #20]
  if(uartHandle->Instance==USART2)
 80012ae:	6802      	ldr	r2, [r0, #0]
 80012b0:	4b1b      	ldr	r3, [pc, #108]	@ (8001320 <HAL_UART_MspInit+0x80>)
 80012b2:	429a      	cmp	r2, r3
 80012b4:	d001      	beq.n	80012ba <HAL_UART_MspInit+0x1a>
    HAL_NVIC_EnableIRQ(USART2_IRQn);
  /* USER CODE BEGIN USART2_MspInit 1 */

  /* USER CODE END USART2_MspInit 1 */
  }
}
 80012b6:	b006      	add	sp, #24
 80012b8:	bd70      	pop	{r4, r5, r6, pc}
    __HAL_RCC_USART2_CLK_ENABLE();
 80012ba:	f503 33e6 	add.w	r3, r3, #117760	@ 0x1cc00
 80012be:	69da      	ldr	r2, [r3, #28]
 80012c0:	f442 3200 	orr.w	r2, r2, #131072	@ 0x20000
 80012c4:	61da      	str	r2, [r3, #28]
 80012c6:	69da      	ldr	r2, [r3, #28]
 80012c8:	f402 3200 	and.w	r2, r2, #131072	@ 0x20000
 80012cc:	9200      	str	r2, [sp, #0]
 80012ce:	9a00      	ldr	r2, [sp, #0]
    __HAL_RCC_GPIOA_CLK_ENABLE();
 80012d0:	699a      	ldr	r2, [r3, #24]
 80012d2:	f042 0204 	orr.w	r2, r2, #4
 80012d6:	619a      	str	r2, [r3, #24]
 80012d8:	699b      	ldr	r3, [r3, #24]
 80012da:	f003 0304 	and.w	r3, r3, #4
 80012de:	9301      	str	r3, [sp, #4]
 80012e0:	9b01      	ldr	r3, [sp, #4]
    GPIO_InitStruct.Pin = GPIO_PIN_2;
 80012e2:	2304      	movs	r3, #4
 80012e4:	9302      	str	r3, [sp, #8]
    GPIO_InitStruct.Mode = GPIO_MODE_AF_PP;
 80012e6:	2502      	movs	r5, #2
 80012e8:	9503      	str	r5, [sp, #12]
    GPIO_InitStruct.Speed = GPIO_SPEED_FREQ_HIGH;
 80012ea:	2303      	movs	r3, #3
 80012ec:	9305      	str	r3, [sp, #20]
    HAL_GPIO_Init(GPIOA, &GPIO_InitStruct);
 80012ee:	4e0d      	ldr	r6, [pc, #52]	@ (8001324 <HAL_UART_MspInit+0x84>)
 80012f0:	a902      	add	r1, sp, #8
 80012f2:	4630      	mov	r0, r6
 80012f4:	f7ff f8aa 	bl	800044c <HAL_GPIO_Init>
    GPIO_InitStruct.Pin = GPIO_PIN_3;
 80012f8:	2308      	movs	r3, #8
 80012fa:	9302      	str	r3, [sp, #8]
    GPIO_InitStruct.Mode = GPIO_MODE_INPUT;
 80012fc:	2400      	movs	r4, #0
 80012fe:	9403      	str	r4, [sp, #12]
    GPIO_InitStruct.Pull = GPIO_NOPULL;
 8001300:	9404      	str	r4, [sp, #16]
    HAL_GPIO_Init(GPIOA, &GPIO_InitStruct);
 8001302:	eb0d 0103 	add.w	r1, sp, r3
 8001306:	4630      	mov	r0, r6
 8001308:	f7ff f8a0 	bl	800044c <HAL_GPIO_Init>
    HAL_NVIC_SetPriority(USART2_IRQn, 2, 0);
 800130c:	4622      	mov	r2, r4
 800130e:	4629      	mov	r1, r5
 8001310:	2026      	movs	r0, #38	@ 0x26
 8001312:	f7fe fff9 	bl	8000308 <HAL_NVIC_SetPriority>
    HAL_NVIC_EnableIRQ(USART2_IRQn);
 8001316:	2026      	movs	r0, #38	@ 0x26
 8001318:	f7ff f806 	bl	8000328 <HAL_NVIC_EnableIRQ>
}
 800131c:	e7cb      	b.n	80012b6 <HAL_UART_MspInit+0x16>
 800131e:	bf00      	nop
 8001320:	40004400 	.word	0x40004400
 8001324:	40010800 	.word	0x40010800

08001328 <Reset_Handler>:
  .weak Reset_Handler
  .type Reset_Handler, %function
Reset_Handler:

/* Call the clock system initialization function.*/
    bl  SystemInit
 8001328:	f7ff ff9e 	bl	8001268 <SystemInit>

/* Copy the data segment initializers from flash to SRAM */
  ldr r0, =_sdata
 800132c:	480b      	ldr	r0, [pc, #44]	@ (800135c <LoopFillZerobss+0xe>)
  ldr r1, =_edata
 800132e:	490c      	ldr	r1, [pc, #48]	@ (8001360 <LoopFillZerobss+0x12>)
  ldr r2, =_sidata
 8001330:	4a0c      	ldr	r2, [pc, #48]	@ (8001364 <LoopFillZerobss+0x16>)
  movs r3, #0
 8001332:	2300      	movs	r3, #0
  b LoopCopyDataInit
 8001334:	e002      	b.n	800133c <LoopCopyDataInit>

08001336 <CopyDataInit>:

CopyDataInit:
  ldr r4, [r2, r3]
 8001336:	58d4      	ldr	r4, [r2, r3]
  str r4, [r0, r3]
 8001338:	50c4      	str	r4, [r0, r3]
  adds r3, r3, #4
 800133a:	3304      	adds	r3, #4

0800133c <LoopCopyDataInit>:

LoopCopyDataInit:
  adds r4, r0, r3
 800133c:	18c4      	adds	r4, r0, r3
  cmp r4, r1
 800133e:	428c      	cmp	r4, r1
  bcc CopyDataInit
 8001340:	d3f9      	bcc.n	8001336 <CopyDataInit>
  
/* Zero fill the bss segment. */
  ldr r2, =_sbss
 8001342:	4a09      	ldr	r2, [pc, #36]	@ (8001368 <LoopFillZerobss+0x1a>)
  ldr r4, =_ebss
 8001344:	4c09      	ldr	r4, [pc, #36]	@ (800136c <LoopFillZerobss+0x1e>)
  movs r3, #0
 8001346:	2300      	movs	r3, #0
  b LoopFillZerobss
 8001348:	e001      	b.n	800134e <LoopFillZerobss>

0800134a <FillZerobss>:

FillZerobss:
  str  r3, [r2]
 800134a:	6013      	str	r3, [r2, #0]
  adds r2, r2, #4
 800134c:	3204      	adds	r2, #4

0800134e <LoopFillZerobss>:

LoopFillZerobss:
  cmp r2, r4
 800134e:	42a2      	cmp	r2, r4
  bcc FillZerobss
 8001350:	d3fb      	bcc.n	800134a <FillZerobss>

/* Call static constructors */
    bl __libc_init_array
 8001352:	f000 f817 	bl	8001384 <__libc_init_array>
/* Call the application's entry point.*/
  bl main
 8001356:	f7fe ff3c 	bl	80001d2 <main>
  bx lr
 800135a:	4770      	bx	lr
  ldr r0, =_sdata
 800135c:	20000000 	.word	0x20000000
  ldr r1, =_edata
 8001360:	2000000c 	.word	0x2000000c
  ldr r2, =_sidata
 8001364:	08001418 	.word	0x08001418
  ldr r2, =_sbss
 8001368:	2000000c 	.word	0x2000000c
  ldr r4, =_ebss
 800136c:	20000074 	.word	0x20000074

08001370 <ADC1_2_IRQHandler>:
 * @retval : None
*/
    .section .text.Default_Handler,"ax",%progbits
Default_Handler:
Infinite_Loop:
  b Infinite_Loop
 8001370:	e7fe      	b.n	8001370 <ADC1_2_IRQHandler>

08001372 <memset>:
 8001372:	4603      	mov	r3, r0
 8001374:	4402      	add	r2, r0
 8001376:	4293      	cmp	r3, r2
 8001378:	d100      	bne.n	800137c <memset+0xa>
 800137a:	4770      	bx	lr
 800137c:	f803 1b01 	strb.w	r1, [r3], #1
 8001380:	e7f9      	b.n	8001376 <memset+0x4>
	...

08001384 <__libc_init_array>:
 8001384:	b570      	push	{r4, r5, r6, lr}
 8001386:	2600      	movs	r6, #0
 8001388:	4d0c      	ldr	r5, [pc, #48]	@ (80013bc <__libc_init_array+0x38>)
 800138a:	4c0d      	ldr	r4, [pc, #52]	@ (80013c0 <__libc_init_array+0x3c>)
 800138c:	1b64      	subs	r4, r4, r5
 800138e:	10a4      	asrs	r4, r4, #2
 8001390:	42a6      	cmp	r6, r4
 8001392:	d109      	bne.n	80013a8 <__libc_init_array+0x24>
 8001394:	f000 f81a 	bl	80013cc <_init>
 8001398:	2600      	movs	r6, #0
 800139a:	4d0a      	ldr	r5, [pc, #40]	@ (80013c4 <__libc_init_array+0x40>)
 800139c:	4c0a      	ldr	r4, [pc, #40]	@ (80013c8 <__libc_init_array+0x44>)
 800139e:	1b64      	subs	r4, r4, r5
 80013a0:	10a4      	asrs	r4, r4, #2
 80013a2:	42a6      	cmp	r6, r4
 80013a4:	d105      	bne.n	80013b2 <__libc_init_array+0x2e>
 80013a6:	bd70      	pop	{r4, r5, r6, pc}
 80013a8:	f855 3b04 	ldr.w	r3, [r5], #4
 80013ac:	4798      	blx	r3
 80013ae:	3601      	adds	r6, #1
 80013b0:	e7ee      	b.n	8001390 <__libc_init_array+0xc>
 80013b2:	f855 3b04 	ldr.w	r3, [r5], #4
 80013b6:	4798      	blx	r3
 80013b8:	3601      	adds	r6, #1
 80013ba:	e7f2      	b.n	80013a2 <__libc_init_array+0x1e>
 80013bc:	08001410 	.word	0x08001410
 80013c0:	08001410 	.word	0x08001410
 80013c4:	08001410 	.word	0x08001410
 80013c8:	08001414 	.word	0x08001414

080013cc <_init>:
 80013cc:	b5f8      	push	{r3, r4, r5, r6, r7, lr}
 80013ce:	bf00      	nop
 80013d0:	bcf8      	pop	{r3, r4, r5, r6, r7}
 80013d2:	bc08      	pop	{r3}
 80013d4:	469e      	mov	lr, r3
 80013d6:	4770      	bx	lr

080013d8 <_fini>:
 80013d8:	b5f8      	push	{r3, r4, r5, r6, r7, lr}
 80013da:	bf00      	nop
 80013dc:	bcf8      	pop	{r3, r4, r5, r6, r7}
 80013de:	bc08      	pop	{r3}
 80013e0:	469e      	mov	lr, r3
 80013e2:	4770      	bx	lr
